Workbook

Sheet RESUMEN APU BELMONTE
A1: ITEM | B1: DESCRIPCIÓN | C1: VALOR
A2: 2.1 | B2: Lavado de superficie | C2: ='APU BELMONTE'!E29 -> 4200
A4: 2.4 | B4: Retiro y Reemplazo de Superboard | C4: =SUM(C5:C6) -> 78500
A5: 2.4.1 | B5: Remoción de lámina superboard | C5: ='APU BELMONTE'!E59 -> 12600
A6: 2.4.2 | B6: Restructuración e Instalación de lámina de fibrocemento | C6: ='APU BELMONTE'!E92 -> 65900
A8: 2.5 | B8: Retiro y Reemplazo de lamina Drywall | C8: =SUM(C9:C10) -> 57200
A9: 2.5.1 | B9: Remoción de lámina de panel yeso | C9: =C5 -> 12600
A10: 2.5.2 | B10: Restructuración e Instalación de lámina de fibrocemento | C10: ='APU BELMONTE'!E123 -> 44600
A12: 4.1.1 | B12: Suministro y Aplicación de Pintura para exteriores | C12: =SUM(C13:C13) -> 20000
B13: Suministro y Aplicación de Pintura para exteriores | C13: ='APU BELMONTE'!E301 -> 20000
A15: 4.3.1 | B15: Suministro y Aplicación de Pintura para interiores | C15: =SUM(C16:C16) -> 13000
B16: Suministro y Aplicación de Pintura para interiores | C16: ='APU BELMONTE'!E331 -> 13000
A18: 4.2.1 | B18: Suministro y Aplicación de Esmalte Pintulux | C18: =SUM(C19:C19) -> 24300
B19: Suministro y Aplicación de Pintura en barandas | C19: ='APU BELMONTE'!E364 -> 24300
A21: 3.1 | B21: Impermeabilización de placas y de cubierta en concreto | C21: =SUM(C22:C23) -> 165200
A22: 3.1.1 | B22: Limpieza Profunda | C22: ='APU BELMONTE'!E153 -> 6230.992
A23: 3.1.2 | B23: Impermeabilización Sikalastic 612 | C23: ='APU BELMONTE'!E182 -> 158969.01
A25: 3.3 | B25: Impermeabilización de viga canal | C25: =C26 -> 13600
A26: 3.3.1 | B26: Lavado e impermeabilización de Viga Canal | C26: ='APU BELMONTE'!E212 -> 13600
A28: 3.9 | B28: Sellado Perimetral de ventaneria | C28: =C29 -> 5200
A29: 3.9.1 | B29: Sellado Perimetral de ventaneria | C29: ='APU BELMONTE'!E241 -> 5200
A31: 3.10 | B31: Sellado Laminas de Superboard | C31: =C32 -> 5700.0001
A32: 3.10.1 | B32: Sellado Laminas de Superboard | C32: ='APU BELMONTE'!E270 -> 5700.0001

Sheet APU BELMONTE
A1: ACTIVIDAD: Lavado General de Superficies | D1: ITEM | E1: 1.0
D2: UNIDAD | E2: M2
A3: I. EQUIPOS
A4: DESCRIPCIÓN | B4: UNIDAD | C4: RENDIMIENTO | D4: TARIFA | E4: VALOR - PARCIAL
A5: Herramienta menor | B5: %MO | C5: 0.1 | D5: =E27 -> 475 | E5: =C5*D5 -> 47.5
A6: Equipos Freshouse | B6: Día | C6: 0.015 | D6: 25000 | E6: =C6*D6 -> 375
A7: Equipo Hidrolavadora | B7: Día | C7: 0.01 | D7: 15000 | E7: =C7*D7 -> 150
A9: SUB - TOTAL | E9: =SUM(E5:E7) -> 572.5
A10: II. MATERIALES
A11: DESCRIPCIÓN | B11: UNIDAD | C11: CANTIDAD | D11: PRECIO - UNIT | E11: VALOR - PARCIAL
A12: Hipoclorito | B12: GL | C12: 0.05 | D12: 35000 | E12: =C12*D12 -> 1750
A13: Limpiador desegrasante | B13: GL | C13: 0.022620968 | D13: 62000 | E13: =C13*D13 -> 1402.5
A15: Desperdicio 2% | E15: 0
A17: SUB - TOTAL | E17: =SUM(E12:E15) -> 3152.5
A18: III. TRANSPORTE
A19: DESCRIPCIÓN | B19: UNIDAD | C19: RENDIMIENTO | D19: TARIFA | E19: VALOR - PARCIAL
A20: Acarreo LUV | B20: Día | C20: 0 | D20: 0 | E20: 0
A22: SUB - TOTAL | E22: =SUM(E20) -> 0
A23: IV. MANO DE OBRA
A24: DESCRIPCIÓN | B24: UNIDAD | C24: RENDIMIENTO | D24: JORNAL | E24: VALOR - PARCIAL
A25: Práctico | B25: Día | C25: 200 | D25: 95000 | E25: =D25/C25 -> 475
A27: SUB - TOTAL | E27: =SUM(E25) -> 475
A29: TOTAL UNITARIO | E29: =SUM(E9,E17,E22,E27) -> 4200
A32: Retiro y Reemplazo de Superboard y Drywall
A34: ACTIVIDAD: Remoción de lámina superboard | D34: ITEM | E34: 1.0
D35: UNIDAD | E35: M2
A36: I. EQUIPOS
A37: DESCRIPCIÓN | B37: UNIDAD | C37: RENDIMIENTO | D37: TARIFA | E37: VALOR - PARCIAL
A38: Herramienta menor | B38: %MO | C38: 0.1 | D38: =E57 -> 11000 | E38: =C38*D38 -> 1100
A39: Equipos Freshouse | B39: Día | C39: 0.02 | D39: 25000 | E39: =C39*D39 -> 500
A41: SUB - TOTAL | E41: =SUM(E38:E39) -> 1600
A42: II. MATERIALES
A43: DESCRIPCIÓN | B43: UNIDAD | C43: CANTIDAD | D43: PRECIO - UNIT | E43: VALOR - PARCIAL
A45: Desperdicio 2% | E45: =SUM(E44:E44)*0.02 -> 0
A47: SUB - TOTAL | E47: =SUM(E44:E45) -> 0
A48: III. TRANSPORTE
A49: DESCRIPCIÓN | B49: UNIDAD | C49: RENDIMIENTO | D49: TARIFA | E49: VALOR - PARCIAL
A50: Acarreo LUV | B50: Día | C50: 0 | D50: 45000 | E50: =D50*C50 -> 0
A52: SUB - TOTAL | E52: =SUM(E50) -> 0
A53: IV. MANO DE OBRA
A54: DESCRIPCIÓN | B54: UNIDAD | C54: RENDIMIENTO | D54: JORNAL | E54: VALOR - PARCIAL
A55: CUADRILLA 1: 1 Oficial y 1 ayudante | B55: Día | C55: 20 | D55: 220000 | E55: =D55/C55 -> 11000
A57: SUB - TOTAL | E57: =SUM(E55) -> 11000
A59: TOTAL UNITARIO | E59: =SUM(E41,E47,E52,E57) -> 12600
A62: ACTIVIDAD: Restructuración e Instalación de lámina de fibrocemento | D62: ITEM
D63: UNIDAD | E63: M2
A64: I. EQUIPOS
A65: DESCRIPCIÓN | B65: UNIDAD | C65: RENDIMIENTO | D65: TARIFA | E65: VALOR - PARCIAL
A66: Herramienta menor | B66: %MO | C66: 0.05 | D66: =E90 -> 11000 | E66: =C66*D66 -> 550
A67: Equipos Freshouse | B67: Día | C67: 0.02 | D67: 25000 | E67: =C67*D67 -> 500
A69: SUB - TOTAL | E69: =SUM(E66:E67) -> 1050
A70: II. MATERIALES
A71: DESCRIPCIÓN | B71: UNIDAD | C71: CANTIDAD | D71: PRECIO - UNIT | E71: VALOR - PARCIAL
A72: Lamina fibrocemento de 8mm | B72: UND | C72: 0.3485023 | D72: 62000 | E72: =C72*D72 -> 21607.143
A73: Paral Estructural | B73: Und | C73: 1 | D73: 9500 | E73: =C73*D73 -> 9500
A74: Canal Estructural | B74: Und | C74: 1 | D74: 9000 | E74: =C74*D74 -> 9000
A75: Tornillos | B75: Und | C75: 50 | D75: 60 | E75: =C75*D75 -> 3000
A76: Dilatación plástica | B76: Und | C76: 0.5 | D76: 13500 | E76: =C76*D76 -> 6750
A78: Desperdicio 2% | E78: =SUM(E72:E77)*0.05 -> 2492.8571
A80: SUB - TOTAL | E80: =SUM(E72:E78) -> 52350
A81: III. TRANSPORTE
A82: DESCRIPCIÓN | B82: UNIDAD | C82: RENDIMIENTO | D82: TARIFA | E82: VALOR - PARCIAL
A83: Acarreo LUV | B83: Día | C83: 0.025 | D83: 60000 | E83: =D83*C83 -> 1500
A85: SUB - TOTAL | E85: =SUM(E83) -> 1500
A86: IV. MANO DE OBRA
A87: DESCRIPCIÓN | B87: UNIDAD | C87: RENDIMIENTO | D87: JORNAL | E87: VALOR - PARCIAL
A88: CUADRILLA 1: 1 Oficial y 1 ayudante | B88: Día | C88: 20 | D88: 220000 | E88: =D88/C88 -> 11000
A90: SUB - TOTAL | E90: =SUM(E88) -> 11000
A92: TOTAL UNITARIO | E92: =SUM(E69,E80,E85,E90) -> 65900
A95: ACTIVIDAD: Restructuración e Instalación de lámina de panel yeso | D95: ITEM
D96: UNIDAD | E96: M2
A97: I. EQUIPOS
A98: DESCRIPCIÓN | B98: UNIDAD | C98: RENDIMIENTO | D98: TARIFA | E98: VALOR - PARCIAL
A99: Herramienta menor | B99: %MO | C99: 0.05 | D99: =E121 -> 7333.3333 | E99: =C99*D99 -> 366.66667
A101: SUB - TOTAL | E101: =SUM(E99:E99) -> 366.66667
A102: II. MATERIALES
A103: DESCRIPCIÓN | B103: UNIDAD | C103: CANTIDAD | D103: PRECIO - UNIT | E103: VALOR - PARCIAL
A104: Lamina fibrocemento de 1/2 | B104: Und | C104: 0.35 | D104: 42571.429 | E104: =C104*D104 -> 14900
A105: Paral Estructural | B105: Und | C105: 1 | D105: 9500 | E105: =C105*D105 -> 9500
A106: Canal Estructural | B106: Und | C106: 1 | D106: 9000 | E106: =C106*D106 -> 9000
A107: Tornillos | B107: Und | C107: 50 | D107: 40 | E107: =C107*D107 -> 2000
A109: Desperdicio 2% | E109: 0
A111: SUB - TOTAL | E111: =SUM(E104:E109) -> 35400
A112: III. TRANSPORTE
A113: DESCRIPCIÓN | B113: UNIDAD | C113: RENDIMIENTO | D113: TARIFA | E113: VALOR - PARCIAL
A114: Acarreo LUV | B114: Día | C114: 0.025 | D114: 60000 | E114: =D114*C114 -> 1500
A116: SUB - TOTAL | E116: =SUM(E114) -> 1500
A117: IV. MANO DE OBRA
A118: DESCRIPCIÓN | B118: UNIDAD | C118: RENDIMIENTO | D118: JORNAL | E118: VALOR - PARCIAL
A119: CUADRILLA 1: 1 Oficial y 1 ayudante | B119: Día | C119: 30 | D119: 220000 | E119: =D119/C119 -> 7333.3333
A121: SUB - TOTAL | E121: =SUM(E119) -> 7333.3333
A123: TOTAL UNITARIO | E123: =SUM(E101,E111,E116,E121) -> 44600
A125: ACTIVIDAD: Limpieza profunda | D125: ITEM | E125: A
D126: UNIDAD | E126: M2
A127: I. EQUIPOS
A128: DESCRIPCIÓN | B128: UNIDAD | C128: RENDIMIENTO | D128: TARIFA | E128: VALOR - PARCIAL
A129: Herramienta menor | B129: %MO | C129: 0.1 | D129: =E151 -> 950 | E129: =C129*D129 -> 95
A130: Equipos Freshouse | B130: Día | C130: 0.015 | D130: 25000 | E130: =C130*D130 -> 375
A131: Equipo Hidrolavadora | B131: Día | C131: 0.01 | D131: 15000 | E131: =C131*D131 -> 150
A133: SUB - TOTAL | E133: =SUM(E129:E131) -> 620
...
