Workbook

Sheet APU O.G
A1: EDIFICIO ATLANTIS
A3: APUII-5 | Impermeabilizacion y Revestimiento de pisos Deck en cuarto de equipos de Piscina y Jacuzzi
A5: Desmonte de deck existente | D5: ITEM | E5: II.5.1
D6: UNIDAD | E6: M2
A7: I. EQUIPOS
A8: DESCRIPCIÓN | B8: UNIDAD | C8: RENDIMIENTO | D8: TARIFA | E8: VALOR - PARCIAL
A9: Herramienta menor | B9: %MO | C9: 0.1 | D9: =E27 -> 3714.2857 | E9: =C9*D9 -> 371.42857
A11: SUB - TOTAL | E11: =SUM(E9:E9) -> 371.42857
A12: II. MATERIALES
A13: DESCRIPCIÓN | B13: UNIDAD | C13: CANTIDAD | D13: PRECIO - UNIT | E13: VALOR - PARCIAL
A15: Desperdicio 2% | E15: =SUM(E14:E14)*0.02 -> 0
A17: SUB - TOTAL | E17: =SUM(E14:E15) -> 0
A18: III. TRANSPORTE
A19: DESCRIPCIÓN | B19: UNIDAD | C19: RENDIMIENTO | D19: TARIFA | E19: VALOR - PARCIAL
A20: Acarreo LUV | B20: Día | C20: 0 | D20: 0 | E20: 0
A22: SUB - TOTAL | E22: =SUM(E20) -> 0
A23: IV. MANO DE OBRA
A24: DESCRIPCIÓN | B24: UNIDAD | C24: RENDIMIENTO | D24: JORNAL | E24: VALOR - PARCIAL
A25: 1 Oficial + 1 Ayudante | B25: Día | C25: 35 | D25: 130000 | E25: =D25/C25 -> 3714.2857
A27: SUB - TOTAL | E27: =SUM(E25) -> 3714.2857
A29: TOTAL UNITARIO | E29: =SUM(E11,E17,E22,E27) -> 4085.7143
A32: Mantenimiento integral de la estructura de soporte | D32: ITEM | E32: II.5.2
D33: UNIDAD | E33: M2
A34: I. EQUIPOS
A35: DESCRIPCIÓN | B35: UNIDAD | C35: RENDIMIENTO | D35: TARIFA | E35: VALOR - PARCIAL
A36: Herramienta menor | B36: %MO | C36: 0.05 | D36: =E57 -> 4666.6667 | E36: =C36*D36 -> 233.33333
A38: SUB - TOTAL | E38: =SUM(E36:E36) -> 233.33333
A39: II. MATERIALES
A40: DESCRIPCIÓN | B40: UNIDAD | C40: CANTIDAD | D40: PRECIO - UNIT | E40: VALOR - PARCIAL
A41: Paral Estructural | B41: Und | C41: 0.60602657 | D41: 9500 | E41: =C41*D41 -> 5757.2524
A42: Canal Estructural | B42: Und | C42: 0.6061 | D42: 9000 | E42: =C42*D42 -> 5454.9
A43: Tornillos | B43: Und | C43: 50 | D43: 40 | E43: =C43*D43 -> 2000
A45: Desperdicio 2% | E45: 0
A47: SUB - TOTAL | E47: =SUM(E41:E45) -> 13212.152
A48: III. TRANSPORTE
A49: DESCRIPCIÓN | B49: UNIDAD | C49: RENDIMIENTO | D49: TARIFA | E49: VALOR - PARCIAL
A50: Acarreo LUV | B50: Día | C50: 0.01935 | D50: 60000 | E50: =D50*C50 -> 1161
A52: SUB - TOTAL | E52: =SUM(E50) -> 1161
A53: IV. MANO DE OBRA
A54: DESCRIPCIÓN | B54: UNIDAD | C54: RENDIMIENTO | D54: JORNAL | E54: VALOR - PARCIAL
A55: CUADRILLA 1: 1 Oficial y 1 ayudante | B55: Día | C55: 45 | D55: 210000 | E55: =D55/C55 -> 4666.6667
A57: SUB - TOTAL | E57: =SUM(E55) -> 4666.6667
A59: TOTAL UNITARIO | E59: =SUM(E38,E47,E52,E57) -> 19273.152
A62: ACTIVIDAD: Impermeabilización de superficie | D62: ITEM | E62: II.5.3
D63: UNIDAD | E63: M2
A64: I. EQUIPOS
A65: DESCRIPCIÓN | B65: UNIDAD | C65: RENDIMIENTO | D65: TARIFA | E65: VALOR - PARCIAL
A66: Herramienta menor | B66: %MO | C66: 0.1 | D66: =E87 -> 8666.6667 | E66: =C66*D66 -> 866.66667
A67: Equipo Freshouse | B67: Día | C67: 0.1 | D67: 25000 | E67: =C67*D67 -> 2500
A69: SUB - TOTAL | E69: =SUM(E66:E67) -> 3366.6667
A70: II. MATERIALES
A71: DESCRIPCIÓN | B71: UNIDAD | C71: CANTIDAD | D71: PRECIO - UNIT | E71: VALOR - PARCIAL
A72: Sikalastic 560 | B72: KG | C72: 1.5 | D72: =50110 -> 50110 | E72: =C72*D72 -> 75165
A73: Sika Felp | B73: M2 | C73: 0.015 | D73: 100000 | E73: =C73*D73 -> 1500
A75: Desperdicio 2% | E75: =E72*0.02 -> 1503.3
A77: SUB - TOTAL | E77: =SUM(E72:E75) -> 78168.3
A78: III. TRANSPORTE
A79: DESCRIPCIÓN | B79: UNIDAD | C79: RENDIMIENTO | D79: TARIFA | E79: VALOR - PARCIAL
A80: Acarreo | B80: Día | C80: 0.02 | D80: 45000 | E80: =D80*C80 -> 900
A82: SUB - TOTAL | E82: =SUM(E80) -> 900
A83: IV. MANO DE OBRA
A84: DESCRIPCIÓN | B84: UNIDAD | C84: RENDIMIENTO | D84: JORNAL | E84: VALOR - PARCIAL
A85: Oficial | B85: Día | C85: 15 | D85: 130000 | E85: =D85/C85 -> 8666.6667
A87: SUB - TOTAL | E87: =SUM(E85) -> 8666.6667
A89: TOTAL UNITARIO | E89: =SUM(E69,E77,E82,E87) -> 91101.633
A92: ACTIVIDAD: Instalación de lámina de fibrocemento | D92: ITEM | E92: II.5.4
D93: UNIDAD | E93: M2
A94: I. EQUIPOS
A95: DESCRIPCIÓN | B95: UNIDAD | C95: RENDIMIENTO | D95: TARIFA | E95: VALOR - PARCIAL
A96: Herramienta menor | B96: %MO | C96: 0.05 | D96: =E116 -> 21000 | E96: =C96*D96 -> 1050
A98: SUB - TOTAL | E98: =SUM(E96:E96) -> 1050
A99: II. MATERIALES
A100: DESCRIPCIÓN | B100: UNIDAD | C100: CANTIDAD | D100: PRECIO - UNIT | E100: VALOR - PARCIAL
A101: Lamina fibrocemento de 10mm | B101: Und | C101: 0.38 | D101: 93300 | E101: =C101*D101 -> 35454
A102: Pintuco Fill | B102: M2 | C102: 0.03 | D102: 276000 | E102: =C102*D102 -> 8280
A104: Desperdicio 2% | E104: 0
A106: SUB - TOTAL | E106: =SUM(E101:E104) -> 43734
A107: III. TRANSPORTE
A108: DESCRIPCIÓN | B108: UNIDAD | C108: RENDIMIENTO | D108: TARIFA | E108: VALOR - PARCIAL
A109: Acarreo LUV | B109: Día | C109: 0.015 | D109: 60000 | E109: =D109*C109 -> 900
A111: SUB - TOTAL | E111: =SUM(E109) -> 900
A112: IV. MANO DE OBRA
A113: DESCRIPCIÓN | B113: UNIDAD | C113: RENDIMIENTO | D113: JORNAL | E113: VALOR - PARCIAL
A114: CUADRILLA 1: 1 Oficial y 1 ayudante | B114: Día | C114: 10 | D114: 210000 | E114: =D114/C114 -> 21000
A116: SUB - TOTAL | E116: =SUM(E114) -> 21000
A118: TOTAL UNITARIO | E118: =SUM(E98,E106,E111,E116) -> 66684
A121: Adecuación de la compuerta de acceso | D121: ITEM | E121: II.5.5
D122: UNIDAD | E122: M2
A123: I. EQUIPOS
A124: DESCRIPCIÓN | B124: UNIDAD | C124: RENDIMIENTO | D124: TARIFA | E124: VALOR - PARCIAL
A125: Herramienta menor | B125: %MO | C125: 0.05 | D125: =E145 -> 4200 | E125: =C125*D125 -> 210
A127: SUB - TOTAL | E127: =SUM(E125:E125) -> 210
A128: II. MATERIALES
A129: DESCRIPCIÓN | B129: UNIDAD | C129: CANTIDAD | D129: PRECIO - UNIT | E129: VALOR - PARCIAL
A130: Lamina fibrocemento de 10mm | B130: Und | C130: 0.035 | D130: 93300 | E130: =C130*D130 -> 3265.5
A131: Pintuco Fill | B131: M2 | C131: 0.005 | D131: 276000 | E131: =C131*D131 -> 1380
A133: Desperdicio 2% | E133: 0
A135: SUB - TOTAL | E135: =SUM(E130:E133) -> 4645.5
A136: III. TRANSPORTE
A137: DESCRIPCIÓN | B137: UNIDAD | C137: RENDIMIENTO | D137: TARIFA | E137: VALOR - PARCIAL
...

Sheet RESUMEN APU
A3: PROYECTO EDIFICIO ATLANTIS
A4: RESUMEN APU
A7: Item | B7: Descripción | C7: UM | D7: Valor
A8: I | B8: Preliminares de obra | C8: M2
A9: I.1 | B9: Campamento | C9: Gl | D9: 650000
A10: I.2 | B10: Señalizacion y Seguridad en Obra | C10: Gl | D10: 170000
A11: I.3 | B11: Asesoria y/o Consulta Tecnica | C11: Gl | D11: 0
A12: II | B12: Impermeabilizaciónes | C12: M2
A13: II.1 | B13: Impermeabilizacion de Zonas de anterior Grama Sintetica | C13: M2 | D13: 186300 | H13: =480/15 -> 32
A14: II.2 | B14: Impermeabilizacion de losas de concreto sobre areas comunes en terrazas 2 y 3 (turco, pto fijo de escalera, etc) | C14: M2 | D14: 186300
A15: II.3 | B15: Impermeabilizacion y Mantenimiento Integral a Jardineras de terrazas 2 y 3 | C15: M2 | D15: 159500
A16: II.4 | B16: Impermeabilizacion en area adyacente a la piscina pequeña | C16: M2 | D16: 176000
A17: II.5 | B17: Impermeabilizacion y Revestimiento de pisos Deck en cuarto de equipos de Piscina y Jacuzzi | C17: M2 | D17: =SUM(D18:D22) -> 190200
A18: II.5.1 | B18: Desmonte de deck existente | D18: ='APU O.G'!E29 -> 4085.7143
A19: II.5.2 | B19: Mantenimiento integral de la estructura de soporte | D19: ='APU O.G'!E59 -> 19273.152
A20: II.5.3 | B20: Impermeabilización de superficie | D20: ='APU O.G'!E89 -> 91101.633
A21: II.5.4 | B21: Instalación de Deck nuevo | D21: ='APU O.G'!E118 -> 66684
A22: II.5.5 | B22: Adecuación de la compuerta de acceso | D22: ='APU O.G'!E147 -> 9055.5
A23: II.6 | B23: Impermeabilizacion y Mantenimeinto Integral a Viga Canal de la cubierta de la torre 4 | C23: ML | D23: =SUM(D24:D26) -> 39000
A24: II.6.1 | B24: Rasqueteado de superfice de Viga Canal (Retiro de material existente) | C24: M2 | D24: ='APU O.G'!E176 -> 2322.2222
A25: II.6.2 | B25: Corrección de pendientes de Viga Canal | C25: M2 | D25: ='APU O.G'!E207 -> 17686.152
A26: II.6.3 | B26: Impermeabilización de Viga Canal con Sika Techo E | C26: M2 | D26: ='APU O.G'!E235 -> 18991.626
A27: II.7 | B27: Recorrido General a la cubierta de Fibrocemento de la torre 4 | C27: M2 | D27: 24300
A28: II.8 | B28: Recorrido a Canales Perimetrales de Domos de Iluminacion Cenital | C28: ML | D28: 25000
A29: II.9 | B29: Recorrido General a Domos de iluminacion Cenital | C29: M2 | D29: 20300
A30: II.10 | B30: Impermeabilizacion y Tratamiento de Materas | C30: M2 | D30: 215000 | E30: =SUM(D31:D36) -> 215000
A31: II.10.1 | B31: Retiro de tierra y vegetación | C31: M2 | D31: ='APU O.G'!E264 -> 20900
A32: II.10.2 | B32: Impermeabilización interior matera | C32: M2 | D32: =D26 -> 18991.626
A33: II.10.3 | B33: Corte de matera en concreto | C33: M2 | D33: 12164
A34: II.10.4 | B34: Fundición de placa en matera | C34: M2 | D34: ='APU O.G'!E293 -> 52237.5
A35: II.10.5 | B35: Impermeabilización de matera general | C35: M2 | D35: =D20 -> 91101.633
A36: II.10.6 | B36: Aplicación de pintura Koraza en parte exterior matera | C36: M3 | D36: ='APU O.G'!E324 -> 19605.241
