Workbook

Sheet 16) LIBANO ESQ.
A1: COTIZACIÓN OBRA - LOS CEDROS (CASAS)
A2: DIRECCION: | C2: Calle 19 Norte 18-64 Ed. Atlantis piso 3 local 7 | D2: CODIGO: FH-F-02 | E2: VERSIÓN: 01
A3: CORREO: | C3: Gerencia@freshouse.com.co | D3: FECHA: 28/07/2025
A4: TELEFONO: | C4: +57 310 461 7353 | D4: VALIDO HASTA: 28/10/2025
A5: CAPT | B5: ITEMS | C5: DESCRIPCION | D5: UNIDAD | E5: CANTIDAD | F5: VR UNITARIO | G5: VALOR DIRECTO ACTIVIDAD
A6: 1.0 | C6: PRELIMINARES | G6: =SUM(G7:G8) -> 0
B7: 1.1 | C7: Construcción de campamento provisional de obra y bodega para los trabajadores | deposito seguro de los materiales en obra | D7: UND | E7: 1 | F7: INCLUIDO
B8: 1.2 | C8: Instalación y demarcación de con avisos y señalética necesaria como: salidas vehiculares y peatonales | colocación de señales de precaución caída de objetos, transite con cuidado, instalación de conos y colombinas para demarcar senderos peatonales etc.… toda la implementación del sistema de gestión para la prevención de riesgos laborales | D8: GLB | E8: 1 | F8: INCLUIDO
A9: 2 | C9: FACHADAS Y COMPLEMENTARIOS | G9: =SUM(G10:G14) -> 4530206.5
B10: 2.1 | C10: Limpieza de fachadas y desprendimiento de material desprendido | D10: M2 | E10: 237.25 | F10: 3146 | G10: =F10*E10 -> 746388.5
B11: 2.2 | C11: Restauración y revoque de fachadas con graniplast antihongos o similar | D11: M2 | E11: 8.725 | F11: 36531 | G11: =F11*E11 -> 318732.97
B12: 2.3 | C12: Limpieza y sello con sellante tipo hibrido Multibond de la marca Soudal, alrededor de ventanas de fachada | D12: ML | E12: 70 | F12: 5200 | G12: =F12*E12 -> 364000
B13: 2.4 | C13: Pintura en fachadas exteriores (Koraza o similar). A dos manos respetando ficha tecnica de fabricante | D13: M2 | E13: 171.25 | F13: 16964 | G13: =F13*E13 -> 2905085
B14: 2.5 | C14: Limpieza de fachada en piedra. Incluye la aplicación de hidrofugo Siliconite de Pintuco o similar | D14: M2 | E14: 12.25 | F14: 16000 | G14: =F14*E14 -> 196000
A15: 3 | C15: CUBIERTA | G15: =SUM(G16:G16) -> 3095180
B16: 3.1 | C16: Mantenimiento general de cubierta, revisión de anclajes, sellos, flanches, etc | D16: M2 | E16: 127.9 | F16: 24200 | G16: =F16*E16 -> 3095180
A17: 4 | C17: TERMINADO Y LIMPIEZA | G17: =SUM(G18:G18) -> 100000
B18: 4.1 | C18: Aseo general y retiro de pintura. | D18: UND | E18: 1 | F18: 100000 | G18: =F18*E18 -> 100000
D19: TOTALES DIRECTOS | G19: =+G9+G17+G15 -> 7725386.5
D20: Administracion | F20: 0.08 | G20: =+$G$19*F20 -> 618030.92
D21: Imprevistos | F21: 0.05 | G21: =+$G$19*F21 -> 386269.32
D22: Utilidad | F22: 0.05 | G22: =+$G$19*F22 -> 386269.32
D23: IVA/U | F23: 0.19 | G23: =+G22*F23 -> 73391.172
D24: TOTAL INDIRECTOS | G24: =+G20+G21+G22+G23 -> 1463960.7
D25: TOTAL PROPUESTA | G25: =+G19+G24 -> 9189347.2

Sheet 15) LIBANO 2 PISOS MED.
A1: COTIZACIÓN OBRA - LOS CEDROS (CASAS)
A2: DIRECCION: | C2: Calle 19 Norte 18-64 Ed. Atlantis piso 3 local 7 | D2: CODIGO: FH-F-02 | E2: VERSIÓN: 01
A3: CORREO: | C3: Gerencia@freshouse.com.co | D3: FECHA: 28/07/2025
A4: TELEFONO: | C4: +57 310 461 7353 | D4: VALIDO HASTA: 28/10/2025
A5: CAPT | B5: ITEMS | C5: DESCRIPCION | D5: UNIDAD | E5: CANTIDAD | F5: VR UNITARIO | G5: VALOR DIRECTO ACTIVIDAD
A6: 1.0 | C6: PRELIMINARES | G6: =SUM(G7:G8) -> 0
B7: 1.1 | C7: Construcción de campamento provisional de obra y bodega para los trabajadores | deposito seguro de los materiales en obra | D7: UND | E7: 1 | F7: INCLUIDO
B8: 1.2 | C8: Instalación y demarcación de con avisos y señalética necesaria como: salidas vehiculares y peatonales | colocación de señales de precaución caída de objetos, transite con cuidado, instalación de conos y colombinas para demarcar senderos peatonales etc.… toda la implementación del sistema de gestión para la prevención de riesgos laborales | D8: GLB | E8: 1 | F8: INCLUIDO
A9: 2 | C9: FACHADAS Y COMPLEMENTARIOS | G9: =SUM(G10:G14) -> 2375776.7
B10: 2.1 | C10: Limpieza de fachadas y desprendimiento de material desprendido | D10: M2 | E10: 114.79 | F10: 3146 | G10: =F10*E10 -> 361129.34
B11: 2.2 | C11: Restauración y revoque de fachadas con graniplast antihongos o similar | D11: M2 | E11: 3.302 | F11: 36531 | G11: =F11*E11 -> 120625.36
B12: 2.3 | C12: Limpieza y sello con sellante tipo hibrido Multibond de la marca Soudal, alrededor de ventanas de fachada | D12: ML | E12: 44 | F12: 5200 | G12: =F12*E12 -> 228800
B13: 2.4 | C13: Pintura en fachadas exteriores (Koraza o similar). A dos manos respetando ficha tecnica de fabricante | D13: M2 | E13: 91.89 | F13: 16964 | G13: =F13*E13 -> 1558822
B14: 2.5 | C14: Limpieza de fachada en piedra. Incluye la aplicación de hidrofugo Siliconite de Pintuco o similar | D14: M2 | E14: 6.65 | F14: 16000 | G14: =F14*E14 -> 106400
A15: 3 | C15: CUBIERTA | G15: =SUM(G16:G16) -> 2383458
B16: 3.1 | C16: Mantenimiento general de cubierta, revisión de anclajes, sellos, flanches, etc | D16: M2 | E16: 98.49 | F16: 24200 | G16: =F16*E16 -> 2383458
A17: 4 | C17: TERMINADO Y LIMPIEZA | G17: =SUM(G18:G18) -> 100000
B18: 4.1 | C18: Aseo general y retiro de pintura. | D18: UND | E18: 1 | F18: 100000 | G18: =F18*E18 -> 100000
D19: TOTALES DIRECTOS | G19: =+G9+G17+G15 -> 4859234.7
D20: Administracion | F20: 0.08 | G20: =+$G$19*F20 -> 388738.77
D21: Imprevistos | F21: 0.05 | G21: =+$G$19*F21 -> 242961.73
D22: Utilidad | F22: 0.05 | G22: =+$G$19*F22 -> 242961.73
D23: IVA/U | F23: 0.19 | G23: =+G22*F23 -> 46162.729
D24: TOTAL INDIRECTOS | G24: =+G20+G21+G22+G23 -> 920824.97
D25: TOTAL PROPUESTA | G25: =+G19+G24 -> 5780059.6

Sheet 14) LIBANO 1 PISO MED.
A1: COTIZACIÓN OBRA - LOS CEDROS (CASAS)
A2: DIRECCION: | C2: Calle 19 Norte 18-64 Ed. Atlantis piso 3 local 7 | D2: CODIGO: FH-F-02 | E2: VERSIÓN: 01
A3: CORREO: | C3: Gerencia@freshouse.com.co | D3: FECHA: 28/07/2025
A4: TELEFONO: | C4: +57 310 461 7353 | D4: VALIDO HASTA: 28/10/2025
A5: CAPT | B5: ITEMS | C5: DESCRIPCION | D5: UNIDAD | E5: CANTIDAD | F5: VR UNITARIO | G5: VALOR DIRECTO ACTIVIDAD
A6: 1.0 | C6: PRELIMINARES | G6: =SUM(G7:G8) -> 0
B7: 1.1 | C7: Construcción de campamento provisional de obra y bodega para los trabajadores | deposito seguro de los materiales en obra | D7: UND | E7: 1 | F7: INCLUIDO
B8: 1.2 | C8: Instalación y demarcación de con avisos y señalética necesaria como: salidas vehiculares y peatonales | colocación de señales de precaución caída de objetos, transite con cuidado, instalación de conos y colombinas para demarcar senderos peatonales etc.… toda la implementación del sistema de gestión para la prevención de riesgos laborales | D8: GLB | E8: 1 | F8: INCLUIDO
A9: 2 | C9: FACHADAS Y COMPLEMENTARIOS | G9: =SUM(G10:G14) -> 2272216.4
B10: 2.1 | C10: Limpieza de fachadas y desprendimiento de material desprendido, Eliminación de hongos con aplicación de hipoclorito al 10% | D10: M2 | E10: 103.8 | F10: 3146 | G10: =F10*E10 -> 326554.8
B11: 2.2 | C11: Restauración y revoque de fachadas con graniplast antihongos o similar | D11: M2 | E11: 4 | F11: 36531 | G11: =F11*E11 -> 146124
B12: 2.3 | C12: Limpieza y sello con sellante tipo hibrido Multibond de la marca Soudal, alrededor de ventanas de fachada | D12: ML | E12: 14 | F12: 5200 | G12: =F12*E12 -> 72800
B13: 2.4 | C13: Pintura en fachadas exteriores Koraza Pro 550. A dos manos respetando ficha tecnica de fabricante | D13: M2 | E13: 68.4 | F13: 16964 | G13: =F13*E13 -> 1160337.6
B14: 2.5 | C14: Limpieza de fachada en piedra. Incluye la aplicación de hidrofugo Siliconite de Pintuco o similar | D14: M2 | E14: 35.4 | F14: 16000 | G14: =F14*E14 -> 566400
A15: 3 | C15: CUBIERTA | G15: =SUM(G16:G16) -> 3964444
B16: 3.1 | C16: Mantenimiento general de cubierta, revisión de anclajes, sellos, flanches, etc | Suministro y aplicación de Pintucofill 7 de Pintuco | D16: M2 | E16: 163.82 | F16: 24200 | G16: =F16*E16 -> 3964444
A17: 4 | C17: TERMINADO Y LIMPIEZA | G17: =SUM(G18:G18) -> 100000
B18: 4.1 | C18: Aseo general y retiro de pintura. | D18: UND | E18: 1 | F18: 100000 | G18: =F18*E18 -> 100000
D19: TOTALES DIRECTOS | G19: =+G9+G17+G15 -> 6336660.4
D20: Administracion | F20: 0.08 | G20: =+$G$19*F20 -> 506932.83
D21: Imprevistos | F21: 0.05 | G21: =+$G$19*F21 -> 316833.02
D22: Utilidad | F22: 0.05 | G22: =+$G$19*F22 -> 316833.02
D23: IVA/U | F23: 0.19 | G23: =+G22*F23 -> 60198.274
D24: TOTAL INDIRECTOS | G24: =+G20+G21+G22+G23 -> 1200797.1
D25: TOTAL PROPUESTA | G25: =+G19+G24 -> 7537457.5

Sheet 13) LIBANO 1 PISO ESQ.
A1: COTIZACIÓN OBRA - LOS CEDROS (CASAS)
A2: DIRECCION: | C2: Calle 19 Norte 18-64 Ed. Atlantis piso 3 local 7 | D2: CODIGO: FH-F-02 | E2: VERSIÓN: 01
A3: CORREO: | C3: Gerencia@freshouse.com.co | D3: FECHA: 28/07/2025
A4: TELEFONO: | C4: +57 310 461 7353 | D4: VALIDO HASTA: 28/10/2025
A5: CAPT | B5: ITEMS | C5: DESCRIPCION | D5: UNIDAD | E5: CANTIDAD | F5: VR UNITARIO | G5: VALOR DIRECTO ACTIVIDAD
A6: 1.0 | C6: PRELIMINARES | G6: =SUM(G7:G8) -> 0 | I6: 1.0 | K6: PRELIMINARES | O6: =SUM(O7:O8) -> 0
B7: 1.1 | C7: Construcción de campamento provisional de obra y bodega para los trabajadores | deposito seguro de los materiales en obra | D7: UND | E7: 1 | F7: INCLUIDO | J7: 1.1 | K7: Construcción de campamento provisional de obra y bodega para los trabajadores | deposito seguro de los materiales en obra | L7: UND | M7: 1 | N7: INCLUIDO
B8: 1.2 | C8: Instalación y demarcación de con avisos y señalética necesaria como: salidas vehiculares y peatonales | colocación de señales de precaución caída de objetos, transite con cuidado, instalación de conos y colombinas para demarcar senderos peatonales etc.… toda la implementación del sistema de gestión para la prevención de riesgos laborales | D8: GLB | E8: 1 | F8: INCLUIDO | J8: 1.2 | K8: Instalación y demarcación de con avisos y señalética necesaria como: salidas vehiculares y peatonales | colocación de señales de precaución caída de objetos, transite con cuidado, instalación de conos y colombinas para demarcar senderos peatonales etc.… toda la implementación del sistema de gestión para la prevención de riesgos laborales | L8: GLB | M8: 1 | N8: INCLUIDO
A9: 2 | C9: FACHADAS Y COMPLEMENTARIOS | G9: =SUM(G10:G14) -> 4390463.8 | I9: 2 | K9: FACHADAS Y COMPLEMENTARIOS | O9: =SUM(O10:O14) -> 4390463.8
B10: 2.1 | C10: Limpieza de fachadas y desprendimiento de material desprendido, Eliminación de hongos con aplicación de hipoclorito al 10% | D10: M2 | E10: 220.75 | F10: 3146 | G10: =F10*E10 -> 694479.5 | J10: 2.1 | K10: Limpieza de fachadas y desprendimiento de material desprendido, Eliminación de hongos con aplicación de hipoclorito al 10% | L10: M2 | M10: 220.75 | N10: 3146 | O10: =N10*M10 -> 694479.5
B11: 2.2 | C11: Restauración y revoque de fachadas con graniplast antihongos o similar | D11: M2 | E11: 7.61 | F11: 36531 | G11: =F11*E11 -> 278000.91 | J11: 2.2 | K11: Restauración y revoque de fachadas con graniplast antihongos o similar | L11: M2 | M11: 7.61 | N11: 36531 | O11: =N11*M11 -> 278000.91
B12: 2.3 | C12: Limpieza y sello con sellante tipo hibrido Multibond de la marca Soudal, alrededor de ventanas de fachada | D12: ML | E12: 53 | F12: 5200 | G12: =F12*E12 -> 275600 | J12: 2.3 | K12: Limpieza y sello con sellante tipo hibrido Multibond de la marca Soudal, alrededor de ventanas de fachada (30%) | L12: ML | M12: 53 | N12: 5200 | O12: =N12*M12 -> 275600
B13: 2.4 | C13: Pintura en fachadas exteriores Koraza Pro 550. A dos manos respetando ficha tecnica de fabricante | D13: M2 | E13: 151.85 | F13: 16964 | G13: =F13*E13 -> 2575983.4 | J13: 2.4 | K13: Pintura en fachadas exteriores Koraza Pro 550. A dos manos respetando ficha tecnica de fabricante | L13: M2 | M13: 151.85 | N13: 16964 | O13: =N13*M13 -> 2575983.4
B14: 2.5 | C14: Limpieza de fachada en piedra. Incluye la aplicación de hidrofugo Siliconite de Pintuco o similar | D14: M2 | E14: 35.4 | F14: 16000 | G14: =F14*E14 -> 566400 | J14: 2.5 | K14: Limpieza de fachada en piedra. Incluye la aplicación de hidrofugo Siliconite de Pintuco o similar | L14: M2 | M14: 35.4 | N14: 16000 | O14: =N14*M14 -> 566400
A15: 3 | C15: CUBIERTA | G15: =SUM(G16:G16) -> 4648820 | I15: 3 | K15: CUBIERTA | O15: =SUM(O16:O16) -> 4164728
B16: 3.1 | C16: Mantenimiento general de cubierta, revisión de anclajes, sellos, flanches, etc | Suministro y aplicación de Pintucofill 7 de Pintuco | D16: M2 | E16: 192.1 | F16: 24200 | G16: =F16*E16 -> 4648820 | J16: 3.1 | K16: Mantenimiento general de cubierta, revisión de anclajes, sellos, flanches, etc | Suministro y aplicación de Pintucofill 7 de Pintuco | L16: M2 | M16: 192.1 | N16: 21680 | O16: =N16*M16 -> 4164728
A17: 4 | C17: TERMINADO Y LIMPIEZA | G17: =SUM(G18:G18) -> 100000 | I17: 4 | K17: TERMINADO Y LIMPIEZA | O17: =SUM(O18:O18) -> 100000
B18: 4.1 | C18: Aseo general y retiro de pintura. | D18: UND | E18: 1 | F18: 100000 | G18: =F18*E18 -> 100000 | J18: 4.1 | K18: Aseo general y retiro de pintura. | L18: UND | M18: 1 | N18: 100000 | O18: =N18*M18 -> 100000
D19: TOTALES DIRECTOS | G19: =+G9+G17+G15 -> 9139283.8 | L19: TOTALES DIRECTOS | O19: =+O9+O17+O15 -> 8655191.8
D20: Administracion | F20: 0.08 | G20: =+$G$19*F20 -> 731142.7 | L20: Administracion | N20: 0.08 | O20: =+$G$19*N20 -> 731142.7
D21: Imprevistos | F21: 0.05 | G21: =+$G$19*F21 -> 456964.19 | L21: Imprevistos | N21: 0.05 | O21: =+$G$19*N21 -> 456964.19
D22: Utilidad | F22: 0.05 | G22: =+$G$19*F22 -> 456964.19 | L22: Utilidad | N22: 0.05 | O22: =+$G$19*N22 -> 456964.19
D23: IVA/U | F23: 0.19 | G23: =+G22*F23 -> 86823.196 | L23: IVA/U | N23: 0.19 | O23: =+O22*N23 -> 86823.196
D24: TOTAL INDIRECTOS | G24: =+G20+G21+G22+G23 -> 1731894.3 | L24: TOTAL INDIRECTOS | O24: =+O20+O21+O22+O23 -> 1731894.3
D25: TOTAL PROPUESTA | G25: =+G19+G24 -> 10871178 | L25: TOTAL PROPUESTA | O25: =+O19+O24 -> 10387086

Sheet 11) CHIPRE MED. TIPO 1 termo
A1: COTIZACIÓN OBRA - LOS CEDROS (CASAS)
A2: DIRECCION: | C2: CALLE 3 NORTE # 18-49 LOCAL 2 | D2: CODIGO: FH-F-02 | E2: VERSIÓN: 01
A3: CORREO: | C3: Admin@fresh-house.co Rensomontoya@fresh-house.co | D3: FECHA: 01/07/2025
A4: TELEFONO: | C4: +57 310 461 7353 | D4: VALIDO HASTA: 01/10/2025
A5: CAPT | B5: ITEMS | C5: DESCRIPCION | D5: UNIDAD | E5: CANTIDAD | F5: VR UNITARIO | G5: VALOR DIRECTO ACTIVIDAD
A6: 1.0 | C6: PRELIMINARES | G6: =SUM(G7:G8) -> 0
B7: 1.1 | C7: Construcción de campamento provisional de obra y bodega para los trabajadores | deposito seguro de los materiales en obra | D7: UND | E7: 1 | F7: INCLUIDO
B8: 1.2 | C8: Instalación y demarcación de con avisos y señalética necesaria como: salidas vehiculares y peatonales | colocación de señales de precaución caída de objetos, transite con cuidado, instalación de conos y colombinas para demarcar senderos peatonales etc.… toda la implementación del sistema de gestión para la prevención de riesgos laborales | D8: GLB | E8: 1 | F8: INCLUIDO
A9: 2 | C9: FACHADAS Y COMPLEMENTARIOS | G9: =SUM(G10:G14) -> 1014168.8
B10: 2.1 | C10: Limpieza de fachadas y desprendimiento de material desprendido | D10: M2 | E10: 39.65 | F10: 3146 | G10: =F10*E10 -> 124738.9
B11: 2.2 | C11: Restauración y revoque de fachadas con graniplast antihongos o similar | D11: M2 | E11: 2.68 | F11: 36531 | G11: =F11*E11 -> 97903.08
B12: 2.3 | C12: Limpieza y sello con sellante tipo hibrido Multibond de la marca Soudal, alrededor de ventanas de fachada | D12: ML | E12: 24 | F12: 5200 | G12: =F12*E12 -> 124800
B13: 2.4 | C13: Pintura en fachadas exteriores (Koraza o similar). A dos manos respetando ficha tecnica de fabricante | D13: M2 | E13: 33.7 | F13: 16964 | G13: =F13*E13 -> 571686.8
B14: 2.5 | C14: Limpieza de fachada en piedra. Incluye la aplicación de hidrofugo Siliconite de Pintuco o similar | D14: M2 | E14: 5.94 | F14: 16000 | G14: =F14*E14 -> 95040
A15: 3 | C15: CUBIERTA | G15: =SUM(G16:G16) -> 5980440
B16: 3.1 | C16: Mantenimiento general de cubierta, revisión de anclajes, sellos, flanches, etc | D16: M2 | E16: 73.2 | F16: 81700 | G16: =F16*E16 -> 5980440 | H16: en color | I16: 92000 pintada
A17: 4 | C17: TERMINADO Y LIMPIEZA | G17: =SUM(G18:G18) -> 100000
B18: 4.1 | C18: Aseo general y retiro de pintura. | D18: UND | E18: 1 | F18: 100000 | G18: =F18*E18 -> 100000
D19: TOTALES DIRECTOS | G19: =+G9+G17+G15 -> 7094608.8
D20: Administracion | F20: 0.08 | G20: =+$G$19*F20 -> 567568.7
D21: Imprevistos | F21: 0.05 | G21: =+$G$19*F21 -> 354730.44
D22: Utilidad | F22: 0.05 | G22: =+$G$19*F22 -> 354730.44
D23: IVA/U | F23: 0.19 | G23: =+G22*F23 -> 67398.783
D24: TOTAL INDIRECTOS | G24: =+G20+G21+G22+G23 -> 1344428.4
D25: TOTAL PROPUESTA | G25: =+G19+G24 -> 8439037.1

Sheet 11) CHIPRE MED. TIPO 1
A1: COTIZACIÓN OBRA - LOS CEDROS (CASAS)
A2: DIRECCION: | C2: CALLE 3 NORTE # 18-49 LOCAL 2 | D2: CODIGO: FH-F-02 | E2: VERSIÓN: 01
A3: CORREO: | C3: Admin@fresh-house.co Rensomontoya@fresh-house.co | D3: FECHA: 01/07/2025
A4: TELEFONO: | C4: +57 310 461 7353 | D4: VALIDO HASTA: 01/10/2025
A5: CAPT | B5: ITEMS | C5: DESCRIPCION | D5: UNIDAD | E5: CANTIDAD | F5: VR UNITARIO | G5: VALOR DIRECTO ACTIVIDAD
A6: 1.0 | C6: PRELIMINARES | G6: =SUM(G7:G8) -> 0
B7: 1.1 | C7: Construcción de campamento provisional de obra y bodega para los trabajadores | deposito seguro de los materiales en obra | D7: UND | E7: 1 | F7: INCLUIDO
B8: 1.2 | C8: Instalación y demarcación de con avisos y señalética necesaria como: salidas vehiculares y peatonales | colocación de señales de precaución caída de objetos, transite con cuidado, instalación de conos y colombinas para demarcar senderos peatonales etc.… toda la implementación del sistema de gestión para la prevención de riesgos laborales | D8: GLB | E8: 1 | F8: INCLUIDO
A9: 2 | C9: FACHADAS Y COMPLEMENTARIOS | G9: =SUM(G10:G14) -> 1014168.8
B10: 2.1 | C10: Limpieza de fachadas y desprendimiento de material desprendido | D10: M2 | E10: 39.65 | F10: 3146 | G10: =F10*E10 -> 124738.9
B11: 2.2 | C11: Restauración y revoque de fachadas con graniplast antihongos o similar | D11: M2 | E11: 2.68 | F11: 36531 | G11: =F11*E11 -> 97903.08
B12: 2.3 | C12: Limpieza y sello con sellante tipo hibrido Multibond de la marca Soudal, alrededor de ventanas de fachada | D12: ML | E12: 24 | F12: 5200 | G12: =F12*E12 -> 124800
B13: 2.4 | C13: Pintura en fachadas exteriores (Koraza o similar). A dos manos respetando ficha tecnica de fabricante | D13: M2 | E13: 33.7 | F13: 16964 | G13: =F13*E13 -> 571686.8
B14: 2.5 | C14: Limpieza de fachada en piedra. Incluye la aplicación de hidrofugo Siliconite de Pintuco o similar | D14: M2 | E14: 5.94 | F14: 16000 | G14: =F14*E14 -> 95040
A15: 3 | C15: CUBIERTA | G15: =SUM(G16:G16) -> 1771440
B16: 3.1 | C16: Mantenimiento general de cubierta, revisión de anclajes, sellos, flanches, etc | D16: M2 | E16: 73.2 | F16: 24200 | G16: =F16*E16 -> 1771440
A17: 4 | C17: TERMINADO Y LIMPIEZA | G17: =SUM(G18:G18) -> 100000
B18: 4.1 | C18: Aseo general y retiro de pintura. | D18: UND | E18: 1 | F18: 100000 | G18: =F18*E18 -> 100000
D19: TOTALES DIRECTOS | G19: =+G9+G17+G15 -> 2885608.8
D20: Administracion | F20: 0.08 | G20: =+$G$19*F20 -> 230848.7
D21: Imprevistos | F21: 0.05 | G21: =+$G$19*F21 -> 144280.44
D22: Utilidad | F22: 0.05 | G22: =+$G$19*F22 -> 144280.44
D23: IVA/U | F23: 0.19 | G23: =+G22*F23 -> 27413.283
D24: TOTAL INDIRECTOS | G24: =+G20+G21+G22+G23 -> 546822.86
D25: TOTAL PROPUESTA | G25: =+G19+G24 -> 3432431.6

Sheet LISTADO DE CASAS
B1: TIPO DE CASA | C1: CANTIDAD | D1: VALOR UNITARIO | E1: TOTAL | G1: AREA CUBIERTA | H1: AREA FACHADA | J1: AREA CUBIERTA TOTAL | K1: AREA FACHADA TOTAL | O1: AREAS PLANOS
A2: 1 | B2: HIMALAYA ESQ. TIPO 1 | C2: 2 | D2: =#REF! -> #REF! | E2: =D2*C2 -> #REF! | G2: 132 | H2: 149.5 | J2: =G2*C2 -> 264 | K2: =H2*C2 -> 299 | O2: MZ 1 | P2: 1188.343
A3: 2 | B3: HIMALAYA ESQ. TIPO 2 | C3: 7 | D3: =#REF! -> #REF! | E3: =D3*C3 -> #REF! | G3: =#REF! -> #REF! | H3: =#REF! -> #REF! | J3: =G3*C3 -> #REF! | K3: =H3*C3 -> #REF! | O3: MZ 2 | P3: 1214.687
A4: 3 | B4: HIMALAYA ESQ. TIPO 3 ESP | C4: 1 | D4: =#REF! -> #REF! | E4: =D4*C4 -> #REF! | G4: =#REF! -> #REF! | H4: =#REF! -> #REF! | J4: =G4*C4 -> #REF! | K4: =H4*C4 -> #REF! | O4: MZ 3 | P4: 1062.1
A5: 4 | B5: HIMALAYA ESQ. TIPO 4 | C5: 1 | D5: =#REF! -> #REF! | E5: =D5*C5 -> #REF! | G5: =#REF! -> #REF! | H5: =#REF! -> #REF! | J5: =G5*C5 -> #REF! | K5: =H5*C5 -> #REF! | O5: MZ 4 | P5: 879.385
A6: 5 | B6: HIMALAYA MED. TIPO 1 | C6: 6 | D6: =#REF! -> #REF! | E6: =D6*C6 -> #REF! | G6: =#REF! -> #REF! | H6: =#REF! -> #REF! | J6: =G6*C6 -> #REF! | K6: =H6*C6 -> #REF! | O6: MZ 5 | P6: 928.921
A7: 6 | B7: HIMALAYA MED. TIPO 2 | C7: 4 | D7: =#REF! -> #REF! | E7: =D7*C7 -> #REF! | G7: =#REF! -> #REF! | H7: =#REF! -> #REF! | J7: =G7*C7 -> #REF! | K7: =H7*C7 -> #REF! | O7: MZ 6 | P7: 310.768
A8: 7 | B8: ATLAS ESQ. TIPO 1 | C8: 2 | D8: =#REF! -> #REF! | E8: =D8*C8 -> #REF! | G8: =#REF! -> #REF! | H8: =#REF! -> #REF! | J8: =G8*C8 -> #REF! | K8: =H8*C8 -> #REF! | O8: MZ 7 | P8: 1122.29
A9: 8 | B9: ATLAS ESQ. TIPO 2 | C9: 1 | D9: =#REF! -> #REF! | E9: =D9*C9 -> #REF! | G9: =#REF! -> #REF! | H9: =#REF! -> #REF! | J9: =G9*C9 -> #REF! | K9: =H9*C9 -> #REF! | O9: MZ 8 | P9: 910.72
A10: 9 | B10: ATLAS MED. TIPO 1 | C10: 7 | D10: =#REF! -> #REF! | E10: =D10*C10 -> #REF! | G10: =#REF! -> #REF! | H10: =#REF! -> #REF! | J10: =G10*C10 -> #REF! | K10: =H10*C10 -> #REF! | P10: =SUM(P2:P9) -> 7617.214
A11: 10 | B11: CHIPRE ESQ. TIPO 1 | C11: 4 | D11: =#REF! -> #REF! | E11: =D11*C11 -> #REF! | G11: =#REF! -> #REF! | H11: =#REF! -> #REF! | J11: =G11*C11 -> #REF! | K11: =H11*C11 -> #REF!
A12: 11 | B12: CHIPRE MED. TIPO 1 | C12: 29 | D12: ='11) CHIPRE MED. TIPO 1'!G25 -> 3432431.6 | E12: =D12*C12 -> 99540518 | G12: ='11) CHIPRE MED. TIPO 1'!E16 -> 73.2 | H12: ='11) CHIPRE MED. TIPO 1'!E10 -> 39.65 | J12: =G12*C12 -> 2122.8 | K12: =H12*C12 -> 1149.85
A13: 12 | B13: HIMALAYA CAMPESTRE | C13: 2 | D13: =#REF! -> #REF! | E13: =D13*C13 -> #REF! | G13: =#REF! -> #REF! | H13: =#REF! -> #REF! | J13: =G13*C13 -> #REF! | K13: =H13*C13 -> #REF!
A14: 13 | B14: LIBANO 1 PISO ESQ. | C14: 2 | D14: ='13) LIBANO 1 PISO ESQ.'!G25 -> 10871178 | E14: =D14*C14 -> 21742356 | G14: ='13) LIBANO 1 PISO ESQ.'!E16 -> 192.1 | H14: ='13) LIBANO 1 PISO ESQ.'!E10 -> 220.75 | J14: =G14*C14 -> 384.2 | K14: =H14*C14 -> 441.5 | P14: =K18/P10 -> #REF!
A15: 14 | B15: LIBANO 1 PISO MED. | C15: 9 | D15: ='14) LIBANO 1 PISO MED.'!G25 -> 7537457.5 | E15: =D15*C15 -> 67837118 | G15: ='14) LIBANO 1 PISO MED.'!E16 -> 163.82 | H15: ='14) LIBANO 1 PISO MED.'!E10 -> 103.8 | J15: =G15*C15 -> 1474.38 | K15: =H15*C15 -> 934.2
A16: 15 | B16: LIBANO 2 PISOS MED. | C16: 5 | D16: ='15) LIBANO 2 PISOS MED.'!G25 -> 5780059.6 | E16: =D16*C16 -> 28900298 | G16: ='15) LIBANO 2 PISOS MED.'!E16 -> 98.49 | H16: ='15) LIBANO 2 PISOS MED.'!E10 -> 114.79 | J16: =G16*C16 -> 492.45 | K16: =H16*C16 -> 573.95
A17: 16 | B17: LIBANO ESQ. | C17: 2 | D17: ='16) LIBANO ESQ.'!G25 -> 9189347.2 | E17: =D17*C17 -> 18378694 | G17: ='16) LIBANO ESQ.'!E16 -> 127.9 | H17: ='16) LIBANO ESQ.'!E10 -> 237.25 | J17: =G17*C17 -> 255.8 | K17: =H17*C17 -> 474.5
C18: =SUM(C2:C17) -> 84 | E18: =SUM(E2:E17) -> #REF! | J18: =SUM(J2:J17) -> #REF! | K18: =SUM(K2:K17) -> #REF! | L18: = 25% VENTANAS
B20: PROMEDIO POR CASA | E20: =E18/C18 -> #REF!
