Workbook

Sheet 16) LIBANO ESQ.
A1: COTIZACIÓN OBRA - LOS CEDROS (CASAS)
A2: DIRECCION: | C2: CALLE 3 NORTE # 18-49 LOCAL 2 | D2: CODIGO: FH-F-02 | E2: VERSIÓN: 01
A3: CORREO: | C3: Admin@fresh-house.co Rensomontoya@fresh-house.co | D3: FECHA: 01/07/2025
A4: TELEFONO: | C4: +57 310 461 7353 | D4: VALIDO HASTA: 01/10/2025
A5: CAPT | B5: ITEMS | C5: DESCRIPCION | D5: UNIDAD | E5: CANTIDAD | F5: VR UNITARIO | G5: VALOR DIRECTO ACTIVIDAD
A6: 1.0 | C6: PRELIMINARES | G6: =SUM(G7:G8) -> 0
B7: 1.1 | C7: Construcción de campamento provisional de obra y bodega para los trabajadores | deposito seguro de los materiales en obra | D7: UND | E7: 1 | F7: INCLUIDO
B8: 1.2 | C8: Instalación y demarcación de con avisos y señalética necesaria como: salidas vehiculares y peatonales | colocación de señales de precaución caída de objetos, transite con cuidado, instalación de conos y colombinas para demarcar senderos peatonales etc.… toda la implementación del sistema de gestión para la prevención de riesgos laborales | D8: GLB | E8: 1 | F8: INCLUIDO
A9: 2 | C9: FACHADAS Y COMPLEMENTARIOS | G9: =SUM(G10:G14) -> 5122481.2
B10: 2.1 | C10: Limpieza de fachadas y desprendimiento de material desprendido | D10: M2 | E10: 174.5 | F10: 4100 | G10: =F10*E10 -> 715450
B11: 2.2 | C11: Restauración y revoque de fachadas con graniplast antihongos o similar | D11: M2 | E11: 8.725 | F11: 42000 | G11: =F11*E11 -> 366450
B12: 2.3 | C12: Limpieza y sello con sellante tipo hibrido Multibond de la marca Soudal, alrededor de ventanas de fachada | D12: ML | E12: 18 | F12: 7200 | G12: =F12*E12 -> 129600
B13: 2.4 | C13: Pintura en fachadas exteriores (Koraza o similar). A dos manos respetando ficha tecnica de fabricante | D13: M2 | E13: 165.775 | F13: 22750 | G13: =F13*E13 -> 3771381.2
B14: 2.5 | C14: Limpieza de fachada en piedra. Incluye la aplicación de hidrofugo Siliconite de Pintuco o similar | D14: M2 | E14: 8.725 | F14: 16000 | G14: =F14*E14 -> 139600
A15: 3 | C15: CUBIERTA | G15: =SUM(G16:G16) -> 1880130
B16: 3.1 | C16: Mantenimiento general de cubierta, revisión de anclajes, sellos, flanches, etc | D16: M2 | E16: 127.9 | F16: 14700 | G16: =F16*E16 -> 1880130
A17: 4 | C17: TERMINADO Y LIMPIEZA | G17: =SUM(G18:G18) -> 100000
B18: 4.1 | C18: Aseo general y retiro de pintura. | D18: UND | E18: 1 | F18: 100000 | G18: =F18*E18 -> 100000
D19: TOTALES DIRECTOS | G19: =+G9+G17+G15 -> 7102611.2
D20: Administracion | F20: 0.08 | G20: =+$G$19*F20 -> 568208.9
D21: Imprevistos | F21: 0.05 | G21: =+$G$19*F21 -> 355130.56
D22: Utilidad | F22: 0.05 | G22: =+$G$19*F22 -> 355130.56
D23: IVA/U | F23: 0.19 | G23: =+G22*F23 -> 67474.807
D24: TOTAL INDIRECTOS | G24: =+G20+G21+G22+G23 -> 1345944.8
D25: TOTAL PROPUESTA | G25: =+G19+G24 -> 8448556.1

Sheet 15) LIBANO 2 PISOS MED.
A1: COTIZACIÓN OBRA - LOS CEDROS (CASAS)
A2: DIRECCION: | C2: CALLE 3 NORTE # 18-49 LOCAL 2 | D2: CODIGO: FH-F-02 | E2: VERSIÓN: 01
A3: CORREO: | C3: Admin@fresh-house.co Rensomontoya@fresh-house.co | D3: FECHA: 01/07/2025
A4: TELEFONO: | C4: +57 310 461 7353 | D4: VALIDO HASTA: 01/10/2025
A5: CAPT | B5: ITEMS | C5: DESCRIPCION | D5: UNIDAD | E5: CANTIDAD | F5: VR UNITARIO | G5: VALOR DIRECTO ACTIVIDAD
A6: 1.0 | C6: PRELIMINARES | G6: =SUM(G7:G8) -> 0
B7: 1.1 | C7: Construcción de campamento provisional de obra y bodega para los trabajadores | deposito seguro de los materiales en obra | D7: UND | E7: 1 | F7: INCLUIDO
B8: 1.2 | C8: Instalación y demarcación de con avisos y señalética necesaria como: salidas vehiculares y peatonales | colocación de señales de precaución caída de objetos, transite con cuidado, instalación de conos y colombinas para demarcar senderos peatonales etc.… toda la implementación del sistema de gestión para la prevención de riesgos laborales | D8: GLB | E8: 1 | F8: INCLUIDO
A9: 2 | C9: FACHADAS Y COMPLEMENTARIOS | G9: =SUM(G10:G14) -> 2939208.8
B10: 2.1 | C10: Limpieza de fachadas y desprendimiento de material desprendido | D10: M2 | E10: 98.5 | F10: 4100 | G10: =F10*E10 -> 403850
B11: 2.2 | C11: Restauración y revoque de fachadas con graniplast antihongos o similar | D11: M2 | E11: 4.87 | F11: 42000 | G11: =F11*E11 -> 204540
B12: 2.3 | C12: Limpieza y sello con sellante tipo hibrido Multibond de la marca Soudal, alrededor de ventanas de fachada | D12: ML | E12: 18 | F12: 7200 | G12: =F12*E12 -> 129600
B13: 2.4 | C13: Pintura en fachadas exteriores (Koraza o similar). A dos manos respetando ficha tecnica de fabricante | D13: M2 | E13: 92.625 | F13: 22750 | G13: =F13*E13 -> 2107218.8
B14: 2.5 | C14: Limpieza de fachada en piedra. Incluye la aplicación de hidrofugo Siliconite de Pintuco o similar | D14: M2 | E14: 5.875 | F14: 16000 | G14: =F14*E14 -> 94000
A15: 3 | C15: CUBIERTA | G15: =SUM(G16:G16) -> 12804.22
B16: 3.1 | C16: Mantenimiento general de cubierta, revisión de anclajes, sellos, flanches, etc | D16: M2 | E16: 130 | F16: 98.494 | G16: =F16*E16 -> 12804.22
A17: 4 | C17: TERMINADO Y LIMPIEZA | G17: =SUM(G18:G18) -> 100000
B18: 4.1 | C18: Aseo general y retiro de pintura. | D18: UND | E18: 1 | F18: 100000 | G18: =F18*E18 -> 100000
D19: TOTALES DIRECTOS | G19: =+G9+G17+G15 -> 3052013
D20: Administracion | F20: 0.08 | G20: =+$G$19*F20 -> 244161.04
D21: Imprevistos | F21: 0.05 | G21: =+$G$19*F21 -> 152600.65
D22: Utilidad | F22: 0.05 | G22: =+$G$19*F22 -> 152600.65
D23: IVA/U | F23: 0.19 | G23: =+G22*F23 -> 28994.123
D24: TOTAL INDIRECTOS | G24: =+G20+G21+G22+G23 -> 578356.46
D25: TOTAL PROPUESTA | G25: =+G19+G24 -> 3630369.4

Sheet 14) LIBANO 1 PISO MED.
A1: COTIZACIÓN OBRA - LOS CEDROS (CASAS)
A2: DIRECCION: | C2: CALLE 3 NORTE # 18-49 LOCAL 2 | D2: CODIGO: FH-F-02 | E2: VERSIÓN: 01
A3: CORREO: | C3: Admin@fresh-house.co Rensomontoya@fresh-house.co | D3: FECHA: 01/07/2025
A4: TELEFONO: | C4: +57 310 461 7353 | D4: VALIDO HASTA: 01/10/2025
A5: CAPT | B5: ITEMS | C5: DESCRIPCION | D5: UNIDAD | E5: CANTIDAD | F5: VR UNITARIO | G5: VALOR DIRECTO ACTIVIDAD
A6: 1.0 | C6: PRELIMINARES | G6: =SUM(G7:G8) -> 0
B7: 1.1 | C7: Construcción de campamento provisional de obra y bodega para los trabajadores | deposito seguro de los materiales en obra | D7: UND | E7: 1 | F7: INCLUIDO
B8: 1.2 | C8: Instalación y demarcación de con avisos y señalética necesaria como: salidas vehiculares y peatonales | colocación de señales de precaución caída de objetos, transite con cuidado, instalación de conos y colombinas para demarcar senderos peatonales etc.… toda la implementación del sistema de gestión para la prevención de riesgos laborales | D8: GLB | E8: 1 | F8: INCLUIDO
A9: 2 | C9: FACHADAS Y COMPLEMENTARIOS | G9: =SUM(G10:G14) -> 1267892.5
B10: 2.1 | C10: Limpieza de fachadas y desprendimiento de material desprendido | D10: M2 | E10: 45.5 | F10: 4100 | G10: =F10*E10 -> 186550
B11: 2.2 | C11: Restauración y revoque de fachadas con graniplast antihongos o similar | D11: M2 | E11: 2.2 | F11: 42000 | G11: =F11*E11 -> 92400
B12: 2.3 | C12: Limpieza y sello con sellante tipo hibrido Multibond de la marca Soudal, alrededor de ventanas de fachada | D12: ML | E12: 0 | F12: 7200 | G12: =F12*E12 -> 0
B13: 2.4 | C13: Pintura en fachadas exteriores (Koraza o similar). A dos manos respetando ficha tecnica de fabricante | D13: M2 | E13: 38.67 | F13: 22750 | G13: =F13*E13 -> 879742.5
B14: 2.5 | C14: Limpieza de fachada en piedra. Incluye la aplicación de hidrofugo Siliconite de Pintuco o similar | D14: M2 | E14: 6.825 | F14: 16000 | G14: =F14*E14 -> 109200
A15: 3 | C15: CUBIERTA | G15: =SUM(G16:G16) -> 2419326
B16: 3.1 | C16: Mantenimiento general de cubierta, revisión de anclajes, sellos, flanches, etc | D16: M2 | E16: 164.58 | F16: 14700 | G16: =F16*E16 -> 2419326
A17: 4 | C17: TERMINADO Y LIMPIEZA | G17: =SUM(G18:G18) -> 100000
B18: 4.1 | C18: Aseo general y retiro de pintura. | D18: UND | E18: 1 | F18: 100000 | G18: =F18*E18 -> 100000
D19: TOTALES DIRECTOS | G19: =+G9+G17+G15 -> 3787218.5
D20: Administracion | F20: 0.08 | G20: =+$G$19*F20 -> 302977.48
D21: Imprevistos | F21: 0.05 | G21: =+$G$19*F21 -> 189360.93
D22: Utilidad | F22: 0.05 | G22: =+$G$19*F22 -> 189360.93
D23: IVA/U | F23: 0.19 | G23: =+G22*F23 -> 35978.576
D24: TOTAL INDIRECTOS | G24: =+G20+G21+G22+G23 -> 717677.91
D25: TOTAL PROPUESTA | G25: =+G19+G24 -> 4504896.4

Sheet 13) LIBANO 1 PISO ESQ.
A1: COTIZACIÓN OBRA - LOS CEDROS (CASAS)
A2: DIRECCION: | C2: CALLE 3 NORTE # 18-49 LOCAL 2 | D2: CODIGO: FH-F-02 | E2: VERSIÓN: 01
A3: CORREO: | C3: Admin@fresh-house.co Rensomontoya@fresh-house.co | D3: FECHA: 01/07/2025
A4: TELEFONO: | C4: +57 310 461 7353 | D4: VALIDO HASTA: 01/10/2025
A5: CAPT | B5: ITEMS | C5: DESCRIPCION | D5: UNIDAD | E5: CANTIDAD | F5: VR UNITARIO | G5: VALOR DIRECTO ACTIVIDAD
A6: 1.0 | C6: PRELIMINARES | G6: =SUM(G7:G8) -> 0
B7: 1.1 | C7: Construcción de campamento provisional de obra y bodega para los trabajadores | deposito seguro de los materiales en obra | D7: UND | E7: 1 | F7: INCLUIDO
B8: 1.2 | C8: Instalación y demarcación de con avisos y señalética necesaria como: salidas vehiculares y peatonales | colocación de señales de precaución caída de objetos, transite con cuidado, instalación de conos y colombinas para demarcar senderos peatonales etc.… toda la implementación del sistema de gestión para la prevención de riesgos laborales | D8: GLB | E8: 1 | F8: INCLUIDO
A9: 2 | C9: FACHADAS Y COMPLEMENTARIOS | G9: =SUM(G10:G14) -> 2313337.5
B10: 2.1 | C10: Limpieza de fachadas y desprendimiento de material desprendido | D10: M2 | E10: 78.5 | F10: 4100 | G10: =F10*E10 -> 321850
B11: 2.2 | C11: Restauración y revoque de fachadas con graniplast antihongos o similar | D11: M2 | E11: 4.1 | F11: 42000 | G11: =F11*E11 -> 172200
B12: 2.3 | C12: Limpieza y sello con sellante tipo hibrido Multibond de la marca Soudal, alrededor de ventanas de fachada | D12: ML | E12: 12 | F12: 7200 | G12: =F12*E12 -> 86400
B13: 2.4 | C13: Pintura en fachadas exteriores (Koraza o similar). A dos manos respetando ficha tecnica de fabricante | D13: M2 | E13: 70.65 | F13: 22750 | G13: =F13*E13 -> 1607287.5
B14: 2.5 | C14: Limpieza de fachada en piedra. Incluye la aplicación de hidrofugo Siliconite de Pintuco o similar | D14: M2 | E14: 7.85 | F14: 16000 | G14: =F14*E14 -> 125600
A15: 3 | C15: CUBIERTA | G15: =SUM(G16:G16) -> 2971193.4
B16: 3.1 | C16: Mantenimiento general de cubierta, revisión de anclajes, sellos, flanches, etc | D16: M2 | E16: 202.122 | F16: 14700 | G16: =F16*E16 -> 2971193.4
A17: 4 | C17: TERMINADO Y LIMPIEZA | G17: =SUM(G18:G18) -> 100000
B18: 4.1 | C18: Aseo general y retiro de pintura. | D18: UND | E18: 1 | F18: 100000 | G18: =F18*E18 -> 100000
D19: TOTALES DIRECTOS | G19: =+G9+G17+G15 -> 5384530.9
D20: Administracion | F20: 0.08 | G20: =+$G$19*F20 -> 430762.47
D21: Imprevistos | F21: 0.05 | G21: =+$G$19*F21 -> 269226.55
D22: Utilidad | F22: 0.05 | G22: =+$G$19*F22 -> 269226.55
D23: IVA/U | F23: 0.19 | G23: =+G22*F23 -> 51153.044
D24: TOTAL INDIRECTOS | G24: =+G20+G21+G22+G23 -> 1020368.6
D25: TOTAL PROPUESTA | G25: =+G19+G24 -> 6404899.5

Sheet 12) HIMALAYA CAMPESTRE
A1: COTIZACIÓN OBRA - LOS CEDROS (CASAS)
A2: DIRECCION: | C2: CALLE 3 NORTE # 18-49 LOCAL 2 | D2: CODIGO: FH-F-02 | E2: VERSIÓN: 01
A3: CORREO: | C3: Admin@fresh-house.co Rensomontoya@fresh-house.co | D3: FECHA: 01/07/2025
A4: TELEFONO: | C4: +57 310 461 7353 | D4: VALIDO HASTA: 01/10/2025
A5: CAPT | B5: ITEMS | C5: DESCRIPCION | D5: UNIDAD | E5: CANTIDAD | F5: VR UNITARIO | G5: VALOR DIRECTO ACTIVIDAD
A6: 1.0 | C6: PRELIMINARES | G6: =SUM(G7:G8) -> 0
B7: 1.1 | C7: Construcción de campamento provisional de obra y bodega para los trabajadores | deposito seguro de los materiales en obra | D7: UND | E7: 1 | F7: INCLUIDO
B8: 1.2 | C8: Instalación y demarcación de con avisos y señalética necesaria como: salidas vehiculares y peatonales | colocación de señales de precaución caída de objetos, transite con cuidado, instalación de conos y colombinas para demarcar senderos peatonales etc.… toda la implementación del sistema de gestión para la prevención de riesgos laborales | D8: GLB | E8: 1 | F8: INCLUIDO
A9: 2 | C9: FACHADAS Y COMPLEMENTARIOS | G9: =SUM(G10:G14) -> 4499100
B10: 2.1 | C10: Limpieza de fachadas y desprendimiento de material desprendido | D10: M2 | E10: 152 | F10: 4100 | G10: =F10*E10 -> 623200
B11: 2.2 | C11: Restauración y revoque de fachadas con graniplast antihongos o similar | D11: M2 | E11: 7.4 | F11: 42000 | G11: =F11*E11 -> 310800
B12: 2.3 | C12: Limpieza y sello con sellante tipo hibrido Multibond de la marca Soudal, alrededor de ventanas de fachada | D12: ML | E12: 22 | F12: 7200 | G12: =F12*E12 -> 158400
B13: 2.4 | C13: Pintura en fachadas exteriores (Koraza o similar). A dos manos respetando ficha tecnica de fabricante | D13: M2 | E13: 144.4 | F13: 22750 | G13: =F13*E13 -> 3285100
B14: 2.5 | C14: Limpieza de fachada en piedra. Incluye la aplicación de hidrofugo Siliconite de Pintuco o similar | D14: M2 | E14: 7.6 | F14: 16000 | G14: =F14*E14 -> 121600
A15: 3 | C15: CUBIERTA | G15: =SUM(G16:G16) -> 2293200
B16: 3.1 | C16: Mantenimiento general de cubierta, revisión de anclajes, sellos, flanches, etc | D16: M2 | E16: 156 | F16: 14700 | G16: =F16*E16 -> 2293200
A17: 4 | C17: TERMINADO Y LIMPIEZA | G17: =SUM(G18:G18) -> 100000
B18: 4.1 | C18: Aseo general y retiro de pintura. | D18: UND | E18: 1 | F18: 100000 | G18: =F18*E18 -> 100000
D19: TOTALES DIRECTOS | G19: =+G9+G17+G15 -> 6892300
D20: Administracion | F20: 0.08 | G20: =+$G$19*F20 -> 551384
D21: Imprevistos | F21: 0.05 | G21: =+$G$19*F21 -> 344615
D22: Utilidad | F22: 0.05 | G22: =+$G$19*F22 -> 344615
D23: IVA/U | F23: 0.19 | G23: =+G22*F23 -> 65476.85
D24: TOTAL INDIRECTOS | G24: =+G20+G21+G22+G23 -> 1306090.9
D25: TOTAL PROPUESTA | G25: =+G19+G24 -> 8198390.8

Sheet 11) CHIPRE MED. TIPO 1
A1: COTIZACIÓN OBRA - LOS CEDROS (CASAS)
A2: DIRECCION: | C2: CALLE 3 NORTE # 18-49 LOCAL 2 | D2: CODIGO: FH-F-02 | E2: VERSIÓN: 01
A3: CORREO: | C3: Admin@fresh-house.co Rensomontoya@fresh-house.co | D3: FECHA: 01/07/2025
A4: TELEFONO: | C4: +57 310 461 7353 | D4: VALIDO HASTA: 01/10/2025
A5: CAPT | B5: ITEMS | C5: DESCRIPCION | D5: UNIDAD | E5: CANTIDAD | F5: VR UNITARIO | G5: VALOR DIRECTO ACTIVIDAD
A6: 1.0 | C6: PRELIMINARES | G6: =SUM(G7:G8) -> 0
B7: 1.1 | C7: Construcción de campamento provisional de obra y bodega para los trabajadores | deposito seguro de los materiales en obra | D7: UND | E7: 1 | F7: INCLUIDO
B8: 1.2 | C8: Instalación y demarcación de con avisos y señalética necesaria como: salidas vehiculares y peatonales | colocación de señales de precaución caída de objetos, transite con cuidado, instalación de conos y colombinas para demarcar senderos peatonales etc.… toda la implementación del sistema de gestión para la prevención de riesgos laborales | D8: GLB | E8: 1 | F8: INCLUIDO
A9: 2 | C9: FACHADAS Y COMPLEMENTARIOS | G9: =SUM(G10:G14) -> 1309640
B10: 2.1 | C10: Limpieza de fachadas y desprendimiento de material desprendido | D10: M2 | E10: 39.65 | F10: 4100 | G10: =F10*E10 -> 162565
B11: 2.2 | C11: Restauración y revoque de fachadas con graniplast antihongos o similar | D11: M2 | E11: 2.68 | F11: 42000 | G11: =F11*E11 -> 112560
B12: 2.3 | C12: Limpieza y sello con sellante tipo hibrido Multibond de la marca Soudal, alrededor de ventanas de fachada | D12: ML | E12: 24 | F12: 7200 | G12: =F12*E12 -> 172800
B13: 2.4 | C13: Pintura en fachadas exteriores (Koraza o similar). A dos manos respetando ficha tecnica de fabricante | D13: M2 | E13: 33.7 | F13: 22750 | G13: =F13*E13 -> 766675
B14: 2.5 | C14: Limpieza de fachada en piedra. Incluye la aplicación de hidrofugo Siliconite de Pintuco o similar | D14: M2 | E14: 5.94 | F14: 16000 | G14: =F14*E14 -> 95040
A15: 3 | C15: CUBIERTA | G15: =SUM(G16:G16) -> 1076040
B16: 3.1 | C16: Mantenimiento general de cubierta, revisión de anclajes, sellos, flanches, etc | D16: M2 | E16: 73.2 | F16: 14700 | G16: =F16*E16 -> 1076040
A17: 4 | C17: TERMINADO Y LIMPIEZA | G17: =SUM(G18:G18) -> 100000
B18: 4.1 | C18: Aseo general y retiro de pintura. | D18: UND | E18: 1 | F18: 100000 | G18: =F18*E18 -> 100000
D19: TOTALES DIRECTOS | G19: =+G9+G17+G15 -> 2485680
D20: Administracion | F20: 0.08 | G20: =+$G$19*F20 -> 198854.4
D21: Imprevistos | F21: 0.05 | G21: =+$G$19*F21 -> 124284
D22: Utilidad | F22: 0.05 | G22: =+$G$19*F22 -> 124284
D23: IVA/U | F23: 0.19 | G23: =+G22*F23 -> 23613.96
D24: TOTAL INDIRECTOS | G24: =+G20+G21+G22+G23 -> 471036.36
D25: TOTAL PROPUESTA | G25: =+G19+G24 -> 2956716.4

Sheet 10) CHIPRE ESQ. TIPO 1
A1: COTIZACIÓN OBRA - LOS CEDROS (CASAS)
A2: DIRECCION: | C2: CALLE 3 NORTE # 18-49 LOCAL 2 | D2: CODIGO: FH-F-02 | E2: VERSIÓN: 01
A3: CORREO: | C3: Admin@fresh-house.co Rensomontoya@fresh-house.co | D3: FECHA: 01/07/2025
A4: TELEFONO: | C4: +57 310 461 7353 | D4: VALIDO HASTA: 01/10/2025
A5: CAPT | B5: ITEMS | C5: DESCRIPCION | D5: UNIDAD | E5: CANTIDAD | F5: VR UNITARIO | G5: VALOR DIRECTO ACTIVIDAD
A6: 1.0 | C6: PRELIMINARES | G6: =SUM(G7:G8) -> 0
B7: 1.1 | C7: Construcción de campamento provisional de obra y bodega para los trabajadores | deposito seguro de los materiales en obra | D7: UND | E7: 1 | F7: INCLUIDO
B8: 1.2 | C8: Instalación y demarcación de con avisos y señalética necesaria como: salidas vehiculares y peatonales | colocación de señales de precaución caída de objetos, transite con cuidado, instalación de conos y colombinas para demarcar senderos peatonales etc.… toda la implementación del sistema de gestión para la prevención de riesgos laborales | D8: GLB | E8: 1 | F8: INCLUIDO
A9: 2 | C9: FACHADAS Y COMPLEMENTARIOS | G9: =SUM(G10:G14) -> 2506655
B10: 2.1 | C10: Limpieza de fachadas y desprendimiento de material desprendido | D10: M2 | E10: 84.5 | F10: 4100 | G10: =F10*E10 -> 346450
B11: 2.2 | C11: Restauración y revoque de fachadas con graniplast antihongos o similar | D11: M2 | E11: 3.59 | F11: 42000 | G11: =F11*E11 -> 150780
B12: 2.3 | C12: Limpieza y sello con sellante tipo hibrido Multibond de la marca Soudal, alrededor de ventanas de fachada | D12: ML | E12: 24 | F12: 7200 | G12: =F12*E12 -> 172800
B13: 2.4 | C13: Pintura en fachadas exteriores (Koraza o similar). A dos manos respetando ficha tecnica de fabricante | D13: M2 | E13: 71.82 | F13: 22750 | G13: =F13*E13 -> 1633905
B14: 2.5 | C14: Limpieza de fachada en piedra. Incluye la aplicación de hidrofugo Siliconite de Pintuco o similar | D14: M2 | E14: 12.67 | F14: 16000 | G14: =F14*E14 -> 202720
A15: 3 | C15: CUBIERTA | G15: =SUM(G16:G16) -> 1181880
B16: 3.1 | C16: Mantenimiento general de cubierta, revisión de anclajes, sellos, flanches, etc | D16: M2 | E16: 80.4 | F16: 14700 | G16: =F16*E16 -> 1181880
A17: 4 | C17: TERMINADO Y LIMPIEZA | G17: =SUM(G18:G18) -> 100000
B18: 4.1 | C18: Aseo general y retiro de pintura. | D18: UND | E18: 1 | F18: 100000 | G18: =F18*E18 -> 100000
D19: TOTALES DIRECTOS | G19: =+G9+G17+G15 -> 3788535
D20: Administracion | F20: 0.08 | G20: =+$G$19*F20 -> 303082.8
D21: Imprevistos | F21: 0.05 | G21: =+$G$19*F21 -> 189426.75
D22: Utilidad | F22: 0.05 | G22: =+$G$19*F22 -> 189426.75
D23: IVA/U | F23: 0.19 | G23: =+G22*F23 -> 35991.082
D24: TOTAL INDIRECTOS | G24: =+G20+G21+G22+G23 -> 717927.38
D25: TOTAL PROPUESTA | G25: =+G19+G24 -> 4506462.4

Sheet 9) ATLAS MED. TIPO 1
A1: COTIZACIÓN OBRA - LOS CEDROS (CASAS)
A2: DIRECCION: | C2: CALLE 3 NORTE # 18-49 LOCAL 2 | D2: CODIGO: FH-F-02 | E2: VERSIÓN: 01
A3: CORREO: | C3: Admin@fresh-house.co Rensomontoya@fresh-house.co | D3: FECHA: 01/07/2025
A4: TELEFONO: | C4: +57 310 461 7353 | D4: VALIDO HASTA: 01/10/2025
A5: CAPT | B5: ITEMS | C5: DESCRIPCION | D5: UNIDAD | E5: CANTIDAD | F5: VR UNITARIO | G5: VALOR DIRECTO ACTIVIDAD
A6: 1.0 | C6: PRELIMINARES | G6: =SUM(G7:G8) -> 0
B7: 1.1 | C7: Construcción de campamento provisional de obra y bodega para los trabajadores | deposito seguro de los materiales en obra | D7: UND | E7: 1 | F7: INCLUIDO
B8: 1.2 | C8: Instalación y demarcación de con avisos y señalética necesaria como: salidas vehiculares y peatonales | colocación de señales de precaución caída de objetos, transite con cuidado, instalación de conos y colombinas para demarcar senderos peatonales etc.… toda la implementación del sistema de gestión para la prevención de riesgos laborales | D8: GLB | E8: 1 | F8: INCLUIDO
A9: 2 | C9: FACHADAS Y COMPLEMENTARIOS | G9: =SUM(G10:G14) -> 1308420
B10: 2.1 | C10: Limpieza de fachadas y desprendimiento de material desprendido | D10: M2 | E10: 41.6 | F10: 4100 | G10: =F10*E10 -> 170560
B11: 2.2 | C11: Restauración y revoque de fachadas con graniplast antihongos o similar | D11: M2 | E11: 2.45 | F11: 42000 | G11: =F11*E11 -> 102900
B12: 2.3 | C12: Limpieza y sello con sellante tipo hibrido Multibond de la marca Soudal, alrededor de ventanas de fachada | D12: ML | E12: 24 | F12: 7200 | G12: =F12*E12 -> 172800
B13: 2.4 | C13: Pintura en fachadas exteriores (Koraza o similar). A dos manos respetando ficha tecnica de fabricante | D13: M2 | E13: 29.12 | F13: 22750 | G13: =F13*E13 -> 662480
B14: 2.5 | C14: Limpieza de fachada en piedra. Incluye la aplicación de hidrofugo Siliconite de Pintuco o similar | D14: M2 | E14: 12.48 | F14: 16000 | G14: =F14*E14 -> 199680
A15: 3 | C15: CUBIERTA | G15: =SUM(G16:G16) -> 1128960
B16: 3.1 | C16: Mantenimiento general de cubierta, revisión de anclajes, sellos, flanches, etc | D16: M2 | E16: 76.8 | F16: 14700 | G16: =F16*E16 -> 1128960
A17: 4 | C17: TERMINADO Y LIMPIEZA | G17: =SUM(G18:G18) -> 100000
B18: 4.1 | C18: Aseo general y retiro de pintura. | D18: UND | E18: 1 | F18: 100000 | G18: =F18*E18 -> 100000
D19: TOTALES DIRECTOS | G19: =+G9+G17+G15 -> 2537380
D20: Administracion | F20: 0.08 | G20: =+$G$19*F20 -> 202990.4
D21: Imprevistos | F21: 0.05 | G21: =+$G$19*F21 -> 126869
D22: Utilidad | F22: 0.05 | G22: =+$G$19*F22 -> 126869
D23: IVA/U | F23: 0.19 | G23: =+G22*F23 -> 24105.11
D24: TOTAL INDIRECTOS | G24: =+G20+G21+G22+G23 -> 480833.51
D25: TOTAL PROPUESTA | G25: =+G19+G24 -> 3018213.5

Sheet 8) ATLAS ESQ. TIPO 2
A1: COTIZACIÓN OBRA - LOS CEDROS (CASAS)
A2: DIRECCION: | C2: CALLE 3 NORTE # 18-49 LOCAL 2 | D2: CODIGO: FH-F-02 | E2: VERSIÓN: 01
A3: CORREO: | C3: Admin@fresh-house.co Rensomontoya@fresh-house.co | D3: FECHA: 01/07/2025
A4: TELEFONO: | C4: +57 310 461 7353 | D4: VALIDO HASTA: 01/10/2025
A5: CAPT | B5: ITEMS | C5: DESCRIPCION | D5: UNIDAD | E5: CANTIDAD | F5: VR UNITARIO | G5: VALOR DIRECTO ACTIVIDAD
A6: 1.0 | C6: PRELIMINARES | G6: =SUM(G7:G8) -> 0
B7: 1.1 | C7: Construcción de campamento provisional de obra y bodega para los trabajadores | deposito seguro de los materiales en obra | D7: UND | E7: 1 | F7: INCLUIDO
B8: 1.2 | C8: Instalación y demarcación de con avisos y señalética necesaria como: salidas vehiculares y peatonales | colocación de señales de precaución caída de objetos, transite con cuidado, instalación de conos y colombinas para demarcar senderos peatonales etc.… toda la implementación del sistema de gestión para la prevención de riesgos laborales | D8: GLB | E8: 1 | F8: INCLUIDO
A9: 2 | C9: FACHADAS Y COMPLEMENTARIOS | G9: =SUM(G10:G14) -> 4316640
B10: 2.1 | C10: Limpieza de fachadas y desprendimiento de material desprendido | D10: M2 | E10: 149.5 | F10: 4100 | G10: =F10*E10 -> 612950
B11: 2.2 | C11: Restauración y revoque de fachadas con graniplast antihongos o similar | D11: M2 | E11: 6.35 | F11: 42000 | G11: =F11*E11 -> 266700
B12: 2.3 | C12: Limpieza y sello con sellante tipo hibrido Multibond de la marca Soudal, alrededor de ventanas de fachada | D12: ML | E12: 26 | F12: 7200 | G12: =F12*E12 -> 187200
B13: 2.4 | C13: Pintura en fachadas exteriores (Koraza o similar). A dos manos respetando ficha tecnica de fabricante | D13: M2 | E13: 127.08 | F13: 22750 | G13: =F13*E13 -> 2891070
B14: 2.5 | C14: Limpieza de fachada en piedra. Incluye la aplicación de hidrofugo Siliconite de Pintuco o similar | D14: M2 | E14: 22.42 | F14: 16000 | G14: =F14*E14 -> 358720
A15: 3 | C15: CUBIERTA | G15: =SUM(G16:G16) -> 1940400
B16: 3.1 | C16: Mantenimiento general de cubierta, revisión de anclajes, sellos, flanches, etc | D16: M2 | E16: 132 | F16: 14700 | G16: =F16*E16 -> 1940400
A17: 4 | C17: TERMINADO Y LIMPIEZA | G17: =SUM(G18:G18) -> 100000
B18: 4.1 | C18: Aseo general y retiro de pintura. | D18: UND | E18: 1 | F18: 100000 | G18: =F18*E18 -> 100000
D19: TOTALES DIRECTOS | G19: =+G9+G17+G15 -> 6357040
D20: Administracion | F20: 0.08 | G20: =+$G$19*F20 -> 508563.2
D21: Imprevistos | F21: 0.05 | G21: =+$G$19*F21 -> 317852
D22: Utilidad | F22: 0.05 | G22: =+$G$19*F22 -> 317852
D23: IVA/U | F23: 0.19 | G23: =+G22*F23 -> 60391.88
D24: TOTAL INDIRECTOS | G24: =+G20+G21+G22+G23 -> 1204659.1
D25: TOTAL PROPUESTA | G25: =+G19+G24 -> 7561699.1

Sheet 7) ATLAS ESQ. TIPO 1
A1: COTIZACIÓN OBRA - LOS CEDROS (CASAS)
A2: DIRECCION: | C2: CALLE 3 NORTE # 18-49 LOCAL 2 | D2: CODIGO: FH-F-02 | E2: VERSIÓN: 01
A3: CORREO: | C3: Admin@fresh-house.co Rensomontoya@fresh-house.co | D3: FECHA: 01/07/2025
A4: TELEFONO: | C4: +57 310 461 7353 | D4: VALIDO HASTA: 01/10/2025
A5: CAPT | B5: ITEMS | C5: DESCRIPCION | D5: UNIDAD | E5: CANTIDAD | F5: VR UNITARIO | G5: VALOR DIRECTO ACTIVIDAD
A6: 1.0 | C6: PRELIMINARES | G6: =SUM(G7:G8) -> 0
B7: 1.1 | C7: Construcción de campamento provisional de obra y bodega para los trabajadores | deposito seguro de los materiales en obra | D7: UND | E7: 1 | F7: INCLUIDO
B8: 1.2 | C8: Instalación y demarcación de con avisos y señalética necesaria como: salidas vehiculares y peatonales | colocación de señales de precaución caída de objetos, transite con cuidado, instalación de conos y colombinas para demarcar senderos peatonales etc.… toda la implementación del sistema de gestión para la prevención de riesgos laborales | D8: GLB | E8: 1 | F8: INCLUIDO
A9: 2 | C9: FACHADAS Y COMPLEMENTARIOS | G9: =SUM(G10:G14) -> 4316640
B10: 2.1 | C10: Limpieza de fachadas y desprendimiento de material desprendido | D10: M2 | E10: 149.5 | F10: 4100 | G10: =F10*E10 -> 612950
B11: 2.2 | C11: Restauración y revoque de fachadas con graniplast antihongos o similar | D11: M2 | E11: 6.35 | F11: 42000 | G11: =F11*E11 -> 266700
B12: 2.3 | C12: Limpieza y sello con sellante tipo hibrido Multibond de la marca Soudal, alrededor de ventanas de fachada | D12: ML | E12: 26 | F12: 7200 | G12: =F12*E12 -> 187200
B13: 2.4 | C13: Pintura en fachadas exteriores (Koraza o similar). A dos manos respetando ficha tecnica de fabricante | D13: M2 | E13: 127.08 | F13: 22750 | G13: =F13*E13 -> 2891070
B14: 2.5 | C14: Limpieza de fachada en piedra. Incluye la aplicación de hidrofugo Siliconite de Pintuco o similar | D14: M2 | E14: 22.42 | F14: 16000 | G14: =F14*E14 -> 358720
A15: 3 | C15: CUBIERTA | G15: =SUM(G16:G16) -> 1940400
B16: 3.1 | C16: Mantenimiento general de cubierta, revisión de anclajes, sellos, flanches, etc | D16: M2 | E16: 132 | F16: 14700 | G16: =F16*E16 -> 1940400
A17: 4 | C17: TERMINADO Y LIMPIEZA | G17: =SUM(G18:G18) -> 100000
B18: 4.1 | C18: Aseo general y retiro de pintura. | D18: UND | E18: 1 | F18: 100000 | G18: =F18*E18 -> 100000
D19: TOTALES DIRECTOS | G19: =+G9+G17+G15 -> 6357040
D20: Administracion | F20: 0.08 | G20: =+$G$19*F20 -> 508563.2
D21: Imprevistos | F21: 0.05 | G21: =+$G$19*F21 -> 317852
D22: Utilidad | F22: 0.05 | G22: =+$G$19*F22 -> 317852
D23: IVA/U | F23: 0.19 | G23: =+G22*F23 -> 60391.88
D24: TOTAL INDIRECTOS | G24: =+G20+G21+G22+G23 -> 1204659.1
D25: TOTAL PROPUESTA | G25: =+G19+G24 -> 7561699.1

Sheet 6) HIMALAYA MED. TIPO 2
A1: COTIZACIÓN OBRA - LOS CEDROS (CASAS)
A2: DIRECCION: | C2: CALLE 3 NORTE # 18-49 LOCAL 2 | D2: CODIGO: FH-F-02 | E2: VERSIÓN: 01
A3: CORREO: | C3: Admin@fresh-house.co Rensomontoya@fresh-house.co | D3: FECHA: 01/07/2025
A4: TELEFONO: | C4: +57 310 461 7353 | D4: VALIDO HASTA: 01/10/2025
A5: CAPT | B5: ITEMS | C5: DESCRIPCION | D5: UNIDAD | E5: CANTIDAD | F5: VR UNITARIO | G5: VALOR DIRECTO ACTIVIDAD
A6: 1.0 | C6: PRELIMINARES | G6: =SUM(G7:G8) -> 0
B7: 1.1 | C7: Construcción de campamento provisional de obra y bodega para los trabajadores | deposito seguro de los materiales en obra | D7: UND | E7: 1 | F7: INCLUIDO
B8: 1.2 | C8: Instalación y demarcación de con avisos y señalética necesaria como: salidas vehiculares y peatonales | colocación de señales de precaución caída de objetos, transite con cuidado, instalación de conos y colombinas para demarcar senderos peatonales etc.… toda la implementación del sistema de gestión para la prevención de riesgos laborales | D8: GLB | E8: 1 | F8: INCLUIDO
A9: 2 | C9: FACHADAS Y COMPLEMENTARIOS | G9: =SUM(G10:G14) -> 1991340
B10: 2.1 | C10: Limpieza de fachadas y desprendimiento de material desprendido | D10: M2 | E10: 68.25 | F10: 4100 | G10: =F10*E10 -> 279825
B11: 2.2 | C11: Restauración y revoque de fachadas con graniplast antihongos o similar | D11: M2 | E11: 3.3 | F11: 42000 | G11: =F11*E11 -> 138600
B12: 2.3 | C12: Limpieza y sello con sellante tipo hibrido Multibond de la marca Soudal, alrededor de ventanas de fachada | D12: ML | E12: 22 | F12: 7200 | G12: =F12*E12 -> 158400
B13: 2.4 | C13: Pintura en fachadas exteriores (Koraza o similar). A dos manos respetando ficha tecnica de fabricante | D13: M2 | E13: 47.78 | F13: 22750 | G13: =F13*E13 -> 1086995
B14: 2.5 | C14: Limpieza de fachada en piedra. Incluye la aplicación de hidrofugo Siliconite de Pintuco o similar | D14: M2 | E14: 20.47 | F14: 16000 | G14: =F14*E14 -> 327520
A15: 3 | C15: CUBIERTA | G15: =SUM(G16:G16) -> 1852200
B16: 3.1 | C16: Mantenimiento general de cubierta, revisión de anclajes, sellos, flanches, etc | D16: M2 | E16: 126 | F16: 14700 | G16: =F16*E16 -> 1852200
A17: 4 | C17: TERMINADO Y LIMPIEZA | G17: =SUM(G18:G18) -> 100000
B18: 4.1 | C18: Aseo general y retiro de pintura. | D18: UND | E18: 1 | F18: 100000 | G18: =F18*E18 -> 100000
D19: TOTALES DIRECTOS | G19: =+G9+G17+G15 -> 3943540
D20: Administracion | F20: 0.08 | G20: =+$G$19*F20 -> 315483.2
D21: Imprevistos | F21: 0.05 | G21: =+$G$19*F21 -> 197177
D22: Utilidad | F22: 0.05 | G22: =+$G$19*F22 -> 197177
D23: IVA/U | F23: 0.19 | G23: =+G22*F23 -> 37463.63
D24: TOTAL INDIRECTOS | G24: =+G20+G21+G22+G23 -> 747300.83
D25: TOTAL PROPUESTA | G25: =+G19+G24 -> 4690840.8

Sheet 5) HIMALAYA MED. TIPO 1
A1: COTIZACIÓN OBRA - LOS CEDROS (CASAS)
A2: DIRECCION: | C2: CALLE 3 NORTE # 18-49 LOCAL 2 | D2: CODIGO: FH-F-02 | E2: VERSIÓN: 01
A3: CORREO: | C3: Admin@fresh-house.co Rensomontoya@fresh-house.co | D3: FECHA: 01/07/2025
A4: TELEFONO: | C4: +57 310 461 7353 | D4: VALIDO HASTA: 01/10/2025
A5: CAPT | B5: ITEMS | C5: DESCRIPCION | D5: UNIDAD | E5: CANTIDAD | F5: VR UNITARIO | G5: VALOR DIRECTO ACTIVIDAD
A6: 1.0 | C6: PRELIMINARES | G6: =SUM(G7:G8) -> 0
B7: 1.1 | C7: Construcción de campamento provisional de obra y bodega para los trabajadores | deposito seguro de los materiales en obra | D7: UND | E7: 1 | F7: INCLUIDO
B8: 1.2 | C8: Instalación y demarcación de con avisos y señalética necesaria como: salidas vehiculares y peatonales | colocación de señales de precaución caída de objetos, transite con cuidado, instalación de conos y colombinas para demarcar senderos peatonales etc.… toda la implementación del sistema de gestión para la prevención de riesgos laborales | D8: GLB | E8: 1 | F8: INCLUIDO
A9: 2 | C9: FACHADAS Y COMPLEMENTARIOS | G9: =SUM(G10:G14) -> 1959067.5
B10: 2.1 | C10: Limpieza de fachadas y desprendimiento de material desprendido | D10: M2 | E10: 66.95 | F10: 4100 | G10: =F10*E10 -> 274495
B11: 2.2 | C11: Restauración y revoque de fachadas con graniplast antihongos o similar | D11: M2 | E11: 3.3 | F11: 42000 | G11: =F11*E11 -> 138600
B12: 2.3 | C12: Limpieza y sello con sellante tipo hibrido Multibond de la marca Soudal, alrededor de ventanas de fachada | D12: ML | E12: 22 | F12: 7200 | G12: =F12*E12 -> 158400
B13: 2.4 | C13: Pintura en fachadas exteriores (Koraza o similar). A dos manos respetando ficha tecnica de fabricante | D13: M2 | E13: 46.87 | F13: 22750 | G13: =F13*E13 -> 1066292.5
B14: 2.5 | C14: Limpieza de fachada en piedra. Incluye la aplicación de hidrofugo Siliconite de Pintuco o similar | D14: M2 | E14: 20.08 | F14: 16000 | G14: =F14*E14 -> 321280
A15: 3 | C15: CUBIERTA | G15: =SUM(G16:G16) -> 1816920
B16: 3.1 | C16: Mantenimiento general de cubierta, revisión de anclajes, sellos, flanches, etc | D16: M2 | E16: 123.6 | F16: 14700 | G16: =F16*E16 -> 1816920
A17: 4 | C17: TERMINADO Y LIMPIEZA | G17: =SUM(G18:G18) -> 100000
B18: 4.1 | C18: Aseo general y retiro de pintura. | D18: UND | E18: 1 | F18: 100000 | G18: =F18*E18 -> 100000
D19: TOTALES DIRECTOS | G19: =+G9+G17+G15 -> 3875987.5
D20: Administracion | F20: 0.08 | G20: =+$G$19*F20 -> 310079
D21: Imprevistos | F21: 0.05 | G21: =+$G$19*F21 -> 193799.38
D22: Utilidad | F22: 0.05 | G22: =+$G$19*F22 -> 193799.38
D23: IVA/U | F23: 0.19 | G23: =+G22*F23 -> 36821.881
D24: TOTAL INDIRECTOS | G24: =+G20+G21+G22+G23 -> 734499.63
D25: TOTAL PROPUESTA | G25: =+G19+G24 -> 4610487.1

Sheet 4) HIMALAYA ESQ. TIPO 4
A1: COTIZACIÓN OBRA - LOS CEDROS (CASAS)
A2: DIRECCION: | C2: CALLE 3 NORTE # 18-49 LOCAL 2 | D2: CODIGO: FH-F-02 | E2: VERSIÓN: 01
A3: CORREO: | C3: Admin@fresh-house.co Rensomontoya@fresh-house.co | D3: FECHA: 01/07/2025
A4: TELEFONO: | C4: +57 310 461 7353 | D4: VALIDO HASTA: 01/10/2025
A5: CAPT | B5: ITEMS | C5: DESCRIPCION | D5: UNIDAD | E5: CANTIDAD | F5: VR UNITARIO | G5: VALOR DIRECTO ACTIVIDAD
A6: 1.0 | C6: PRELIMINARES | G6: =SUM(G7:G8) -> 0
B7: 1.1 | C7: Construcción de campamento provisional de obra y bodega para los trabajadores | deposito seguro de los materiales en obra | D7: UND | E7: 1 | F7: INCLUIDO
B8: 1.2 | C8: Instalación y demarcación de con avisos y señalética necesaria como: salidas vehiculares y peatonales | colocación de señales de precaución caída de objetos, transite con cuidado, instalación de conos y colombinas para demarcar senderos peatonales etc.… toda la implementación del sistema de gestión para la prevención de riesgos laborales | D8: GLB | E8: 1 | F8: INCLUIDO
A9: 2 | C9: FACHADAS Y COMPLEMENTARIOS | G9: =SUM(G10:G14) -> 4567365
B10: 2.1 | C10: Limpieza de fachadas y desprendimiento de material desprendido | D10: M2 | E10: 165.1 | F10: 4100 | G10: =F10*E10 -> 676910
B11: 2.2 | C11: Restauración y revoque de fachadas con graniplast antihongos o similar | D11: M2 | E11: 4.9 | F11: 42000 | G11: =F11*E11 -> 205800
B12: 2.3 | C12: Limpieza y sello con sellante tipo hibrido Multibond de la marca Soudal, alrededor de ventanas de fachada | D12: ML | E12: 52 | F12: 7200 | G12: =F12*E12 -> 374400
B13: 2.4 | C13: Pintura en fachadas exteriores (Koraza o similar). A dos manos respetando ficha tecnica de fabricante | D13: M2 | E13: 99.06 | F13: 22750 | G13: =F13*E13 -> 2253615
B14: 2.5 | C14: Limpieza de fachada en piedra. Incluye la aplicación de hidrofugo Siliconite de Pintuco o similar | D14: M2 | E14: 66.04 | F14: 16000 | G14: =F14*E14 -> 1056640
A15: 3 | C15: CUBIERTA | G15: =SUM(G16:G16) -> 2363760
B16: 3.1 | C16: Mantenimiento general de cubierta, revisión de anclajes, sellos, flanches, etc | D16: M2 | E16: 160.8 | F16: 14700 | G16: =F16*E16 -> 2363760
A17: 4 | C17: TERMINADO Y LIMPIEZA | G17: =SUM(G18:G18) -> 100000
B18: 4.1 | C18: Aseo general y retiro de pintura. | D18: UND | E18: 1 | F18: 100000 | G18: =F18*E18 -> 100000
D19: TOTALES DIRECTOS | G19: =+G9+G17+G15 -> 7031125
D20: Administracion | F20: 0.08 | G20: =+$G$19*F20 -> 562490
D21: Imprevistos | F21: 0.05 | G21: =+$G$19*F21 -> 351556.25
D22: Utilidad | F22: 0.05 | G22: =+$G$19*F22 -> 351556.25
D23: IVA/U | F23: 0.19 | G23: =+G22*F23 -> 66795.688
D24: TOTAL INDIRECTOS | G24: =+G20+G21+G22+G23 -> 1332398.2
D25: TOTAL PROPUESTA | G25: =+G19+G24 -> 8363523.2

Sheet 3) HIMALAYA ESQ. TIPO 3 (ESPE.)
A1: COTIZACIÓN OBRA - LOS CEDROS (CASAS)
A2: DIRECCION: | C2: CALLE 3 NORTE # 18-49 LOCAL 2 | D2: CODIGO: FH-F-02 | E2: VERSIÓN: 01
A3: CORREO: | C3: Admin@fresh-house.co Rensomontoya@fresh-house.co | D3: FECHA: 01/07/2025
A4: TELEFONO: | C4: +57 310 461 7353 | D4: VALIDO HASTA: 01/10/2025
A5: CAPT | B5: ITEMS | C5: DESCRIPCION | D5: UNIDAD | E5: CANTIDAD | F5: VR UNITARIO | G5: VALOR DIRECTO ACTIVIDAD
A6: 1.0 | C6: PRELIMINARES | G6: =SUM(G7:G8) -> 0
B7: 1.1 | C7: Construcción de campamento provisional de obra y bodega para los trabajadores | deposito seguro de los materiales en obra | D7: UND | E7: 1 | F7: INCLUIDO
B8: 1.2 | C8: Instalación y demarcación de con avisos y señalética necesaria como: salidas vehiculares y peatonales | colocación de señales de precaución caída de objetos, transite con cuidado, instalación de conos y colombinas para demarcar senderos peatonales etc.… toda la implementación del sistema de gestión para la prevención de riesgos laborales | D8: GLB | E8: 1 | F8: INCLUIDO
A9: 2 | C9: FACHADAS Y COMPLEMENTARIOS | G9: =SUM(G10:G14) -> 5775196.5
B10: 2.1 | C10: Limpieza de fachadas y desprendimiento de material desprendido | D10: M2 | E10: 203.39 | F10: 4100 | G10: =F10*E10 -> 833899
B11: 2.2 | C11: Restauración y revoque de fachadas con graniplast antihongos o similar | D11: M2 | E11: 7.7 | F11: 42000 | G11: =F11*E11 -> 323400
B12: 2.3 | C12: Limpieza y sello con sellante tipo hibrido Multibond de la marca Soudal, alrededor de ventanas de fachada | D12: ML | E12: 44 | F12: 7200 | G12: =F12*E12 -> 316800
B13: 2.4 | C13: Pintura en fachadas exteriores (Koraza o similar). A dos manos respetando ficha tecnica de fabricante | D13: M2 | E13: 155.09 | F13: 22750 | G13: =F13*E13 -> 3528297.5
B14: 2.5 | C14: Limpieza de fachada en piedra. Incluye la aplicación de hidrofugo Siliconite de Pintuco o similar | D14: M2 | E14: 48.3 | F14: 16000 | G14: =F14*E14 -> 772800
A15: 3 | C15: CUBIERTA | G15: =SUM(G16:G16) -> 2257920
B16: 3.1 | C16: Mantenimiento general de cubierta, revisión de anclajes, sellos, flanches, etc | D16: M2 | E16: 153.6 | F16: 14700 | G16: =F16*E16 -> 2257920
A17: 4 | C17: TERMINADO Y LIMPIEZA | G17: =SUM(G18:G18) -> 100000
B18: 4.1 | C18: Aseo general y retiro de pintura. | D18: UND | E18: 1 | F18: 100000 | G18: =F18*E18 -> 100000
D19: TOTALES DIRECTOS | G19: =+G9+G17+G15 -> 8133116.5
D20: Administracion | F20: 0.08 | G20: =+$G$19*F20 -> 650649.32
D21: Imprevistos | F21: 0.05 | G21: =+$G$19*F21 -> 406655.83
D22: Utilidad | F22: 0.05 | G22: =+$G$19*F22 -> 406655.83
D23: IVA/U | F23: 0.19 | G23: =+G22*F23 -> 77264.607
D24: TOTAL INDIRECTOS | G24: =+G20+G21+G22+G23 -> 1541225.6
D25: TOTAL PROPUESTA | G25: =+G19+G24 -> 9674342.1

Sheet 2) HIMALAYA ESQ. TIPO 2
A1: COTIZACIÓN OBRA - LOS CEDROS (CASAS)
A2: DIRECCION: | C2: CALLE 3 NORTE # 18-49 LOCAL 2 | D2: CODIGO: FH-F-02 | E2: VERSIÓN: 01
A3: CORREO: | C3: Admin@fresh-house.co Rensomontoya@fresh-house.co | D3: FECHA: 01/07/2025
A4: TELEFONO: | C4: +57 310 461 7353 | D4: VALIDO HASTA: 01/10/2025
A5: CAPT | B5: ITEMS | C5: DESCRIPCION | D5: UNIDAD | E5: CANTIDAD | F5: VR UNITARIO | G5: VALOR DIRECTO ACTIVIDAD
A6: 1.0 | C6: PRELIMINARES | G6: =SUM(G7:G8) -> 0
B7: 1.1 | C7: Construcción de campamento provisional de obra y bodega para los trabajadores | deposito seguro de los materiales en obra | D7: UND | E7: 1 | F7: INCLUIDO
B8: 1.2 | C8: Instalación y demarcación de con avisos y señalética necesaria como: salidas vehiculares y peatonales | colocación de señales de precaución caída de objetos, transite con cuidado, instalación de conos y colombinas para demarcar senderos peatonales etc.… toda la implementación del sistema de gestión para la prevención de riesgos laborales | D8: GLB | E8: 1 | F8: INCLUIDO
A9: 2 | C9: FACHADAS Y COMPLEMENTARIOS | G9: =SUM(G10:G14) -> 4194825
B10: 2.1 | C10: Limpieza de fachadas y desprendimiento de material desprendido | D10: M2 | E10: 149.5 | F10: 4100 | G10: =F10*E10 -> 612950
B11: 2.2 | C11: Restauración y revoque de fachadas con graniplast antihongos o similar | D11: M2 | E11: 5 | F11: 42000 | G11: =F11*E11 -> 210000
B12: 2.3 | C12: Limpieza y sello con sellante tipo hibrido Multibond de la marca Soudal, alrededor de ventanas de fachada | D12: ML | E12: 52 | F12: 7200 | G12: =F12*E12 -> 374400
B13: 2.4 | C13: Pintura en fachadas exteriores (Koraza o similar). A dos manos respetando ficha tecnica de fabricante | D13: M2 | E13: 89.7 | F13: 22750 | G13: =F13*E13 -> 2040675
B14: 2.5 | C14: Limpieza de fachada en piedra. Incluye la aplicación de hidrofugo Siliconite de Pintuco o similar | D14: M2 | E14: 59.8 | F14: 16000 | G14: =F14*E14 -> 956800
A15: 3 | C15: CUBIERTA | G15: =SUM(G16:G16) -> 1940400
B16: 3.1 | C16: Mantenimiento general de cubierta, revisión de anclajes, sellos, flanches, etc | D16: M2 | E16: 132 | F16: 14700 | G16: =F16*E16 -> 1940400
A17: 4 | C17: TERMINADO Y LIMPIEZA | G17: =SUM(G18:G18) -> 100000
B18: 4.1 | C18: Aseo general y retiro de pintura. | D18: UND | E18: 1 | F18: 100000 | G18: =F18*E18 -> 100000
D19: TOTALES DIRECTOS | G19: =+G9+G17+G15 -> 6235225
D20: Administracion | F20: 0.08 | G20: =+$G$19*F20 -> 498818
D21: Imprevistos | F21: 0.05 | G21: =+$G$19*F21 -> 311761.25
D22: Utilidad | F22: 0.05 | G22: =+$G$19*F22 -> 311761.25
D23: IVA/U | F23: 0.19 | G23: =+G22*F23 -> 59234.637
D24: TOTAL INDIRECTOS | G24: =+G20+G21+G22+G23 -> 1181575.1
D25: TOTAL PROPUESTA | G25: =+G19+G24 -> 7416800.1

Sheet 1) HIMALAYA ESQ. TIPO 1
A1: COTIZACIÓN OBRA - LOS CEDROS (CASAS)
A2: DIRECCION: | C2: CALLE 3 NORTE # 18-49 LOCAL 2 | D2: CODIGO: FH-F-02 | E2: VERSIÓN: 01
A3: CORREO: | C3: Admin@fresh-house.co Rensomontoya@fresh-house.co | D3: FECHA: 01/07/2025
A4: TELEFONO: | C4: +57 310 461 7353 | D4: VALIDO HASTA: 01/10/2025
A5: CAPT | B5: ITEMS | C5: DESCRIPCION | D5: UNIDAD | E5: CANTIDAD | F5: VR UNITARIO | G5: VALOR DIRECTO ACTIVIDAD
A6: 1.0 | C6: PRELIMINARES | G6: =SUM(G7:G8) -> 0
B7: 1.1 | C7: Construcción de campamento provisional de obra y bodega para los trabajadores | deposito seguro de los materiales en obra | D7: UND | E7: 1 | F7: INCLUIDO
B8: 1.2 | C8: Instalación y demarcación de con avisos y señalética necesaria como: salidas vehiculares y peatonales | colocación de señales de precaución caída de objetos, transite con cuidado, instalación de conos y colombinas para demarcar senderos peatonales etc.… toda la implementación del sistema de gestión para la prevención de riesgos laborales | D8: GLB | E8: 1 | F8: INCLUIDO
A9: 2 | C9: FACHADAS Y COMPLEMENTARIOS | G9: =SUM(G10:G14) -> 2.265169e+08
B10: 2.1 | C10: Limpieza de fachadas y desprendimiento de material desprendido | D10: M2 | E10: 7617.214 | F10: 4100 | G10: =F10*E10 -> 31230577
B11: 2.2 | C11: Restauración y revoque de fachadas con graniplast antihongos o similar | D11: M2 | E11: =E10*0.05 -> 380.8607 | F11: 42000 | G11: =F11*E11 -> 15996149 | H11: 0.05
B12: 2.3 | C12: Limpieza y sello con sellante tipo hibrido Multibond de la marca Soudal, alrededor de ventanas de fachada | D12: ML | E12: =E10*0.3 -> 2285.1642 | F12: 7200 | G12: =F12*E12 -> 16453182 | H12: 0.3
B13: 2.4 | C13: Pintura en fachadas exteriores (Koraza o similar). A dos manos respetando ficha tecnica de fabricante | D13: M2 | E13: =E10*0.85 -> 6474.6319 | F13: 22750 | G13: =F13*E13 -> 1.4729788e+08 | H13: 0.75
B14: 2.5 | C14: Limpieza de fachada en piedra. Incluye la aplicación de hidrofugo Siliconite de Pintuco o similar | D14: M2 | E14: =E13*0.15 -> 971.19478 | F14: 16000 | G14: =F14*E14 -> 15539117 | H14: 0.15
A15: 3 | C15: CUBIERTA | G15: =SUM(G16:G16) -> 7.7516114e+08
B16: 3.1 | C16: Mantenimiento general de cubierta, revisión de anclajes, sellos, flanches, etc | D16: M2 | E16: 10000 | F16: 77516.114 | G16: =F16*E16 -> 7.7516114e+08
A17: 4 | C17: TERMINADO Y LIMPIEZA | G17: =SUM(G18:G18) -> 100000
B18: 4.1 | C18: Aseo general y retiro de pintura. | D18: UND | E18: 1 | F18: 100000 | G18: =F18*E18 -> 100000
D19: TOTALES DIRECTOS | G19: =+G9+G17+G15 -> 1.001778e+09
D20: Administracion | F20: 0.08 | G20: =+$G$19*F20 -> 80142244
D21: Imprevistos | F21: 0.05 | G21: =+$G$19*F21 -> 50088902
D22: Utilidad | F22: 0.05 | G22: =+$G$19*F22 -> 50088902
D23: IVA/U | F23: 0.19 | G23: =+G22*F23 -> 9516891.4
D24: TOTAL INDIRECTOS | G24: =+G20+G21+G22+G23 -> 1.8983694e+08
D25: TOTAL PROPUESTA | G25: =+G19+G24 -> 1.191615e+09

Sheet LISTADO DE CASAS
B1: TIPO DE CASA | C1: CANTIDAD | D1: VALOR UNITARIO | E1: TOTAL | G1: AREA CUBIERTA | H1: AREA FACHADA | J1: AREA CUBIERTA TOTAL | K1: AREA FACHADA TOTAL | O1: AREAS PLANOS
A2: 1 | B2: HIMALAYA ESQ. TIPO 1 | C2: 2 | D2: ='1) HIMALAYA ESQ. TIPO 1'!G25 -> 1.191615e+09 | E2: =D2*C2 -> 2.38323e+09 | G2: 132 | H2: 149.5 | J2: =G2*C2 -> 264 | K2: =H2*C2 -> 299 | O2: MZ 1 | P2: 1188.343
A3: 2 | B3: HIMALAYA ESQ. TIPO 2 | C3: 7 | D3: ='2) HIMALAYA ESQ. TIPO 2'!G25 -> 7416800.1 | E3: =D3*C3 -> 51917601 | G3: ='2) HIMALAYA ESQ. TIPO 2'!E16 -> 132 | H3: ='2) HIMALAYA ESQ. TIPO 2'!E10 -> 149.5 | J3: =G3*C3 -> 924 | K3: =H3*C3 -> 1046.5 | O3: MZ 2 | P3: 1214.687
A4: 3 | B4: HIMALAYA ESQ. TIPO 3 ESP | C4: 1 | D4: ='3) HIMALAYA ESQ. TIPO 3 (ESPE.)'!G25 -> 9674342.1 | E4: =D4*C4 -> 9674342.1 | G4: ='3) HIMALAYA ESQ. TIPO 3 (ESPE.)'!E16 -> 153.6 | H4: ='3) HIMALAYA ESQ. TIPO 3 (ESPE.)'!E10 -> 203.39 | J4: =G4*C4 -> 153.6 | K4: =H4*C4 -> 203.39 | O4: MZ 3 | P4: 1062.1
A5: 4 | B5: HIMALAYA ESQ. TIPO 4 | C5: 1 | D5: ='4) HIMALAYA ESQ. TIPO 4'!G25 -> 8363523.2 | E5: =D5*C5 -> 8363523.2 | G5: ='4) HIMALAYA ESQ. TIPO 4'!E16 -> 160.8 | H5: ='4) HIMALAYA ESQ. TIPO 4'!E10 -> 165.1 | J5: =G5*C5 -> 160.8 | K5: =H5*C5 -> 165.1 | O5: MZ 4 | P5: 879.385
A6: 5 | B6: HIMALAYA MED. TIPO 1 | C6: 6 | D6: ='5) HIMALAYA MED. TIPO 1'!G25 -> 4610487.1 | E6: =D6*C6 -> 27662923 | G6: ='5) HIMALAYA MED. TIPO 1'!E16 -> 123.6 | H6: ='5) HIMALAYA MED. TIPO 1'!E10 -> 66.95 | J6: =G6*C6 -> 741.6 | K6: =H6*C6 -> 401.7 | O6: MZ 5 | P6: 928.921
A7: 6 | B7: HIMALAYA MED. TIPO 2 | C7: 4 | D7: ='6) HIMALAYA MED. TIPO 2'!G25 -> 4690840.8 | E7: =D7*C7 -> 18763363 | G7: ='6) HIMALAYA MED. TIPO 2'!E16 -> 126 | H7: ='6) HIMALAYA MED. TIPO 2'!E10 -> 68.25 | J7: =G7*C7 -> 504 | K7: =H7*C7 -> 273 | O7: MZ 6 | P7: 310.768
A8: 7 | B8: ATLAS ESQ. TIPO 1 | C8: 2 | D8: ='7) ATLAS ESQ. TIPO 1'!G25 -> 7561699.1 | E8: =D8*C8 -> 15123398 | G8: ='7) ATLAS ESQ. TIPO 1'!E16 -> 132 | H8: ='7) ATLAS ESQ. TIPO 1'!E10 -> 149.5 | J8: =G8*C8 -> 264 | K8: =H8*C8 -> 299 | O8: MZ 7 | P8: 1122.29
A9: 8 | B9: ATLAS ESQ. TIPO 2 | C9: 1 | D9: ='8) ATLAS ESQ. TIPO 2'!G25 -> 7561699.1 | E9: =D9*C9 -> 7561699.1 | G9: ='8) ATLAS ESQ. TIPO 2'!E16 -> 132 | H9: ='8) ATLAS ESQ. TIPO 2'!E10 -> 149.5 | J9: =G9*C9 -> 132 | K9: =H9*C9 -> 149.5 | O9: MZ 8 | P9: 910.72
A10: 9 | B10: ATLAS MED. TIPO 1 | C10: 7 | D10: ='9) ATLAS MED. TIPO 1'!G25 -> 3018213.5 | E10: =D10*C10 -> 21127495 | G10: ='9) ATLAS MED. TIPO 1'!E16 -> 76.8 | H10: ='9) ATLAS MED. TIPO 1'!E10 -> 41.6 | J10: =G10*C10 -> 537.6 | K10: =H10*C10 -> 291.2 | P10: =SUM(P2:P9) -> 7617.214
A11: 10 | B11: CHIPRE ESQ. TIPO 1 | C11: 4 | D11: ='10) CHIPRE ESQ. TIPO 1'!G25 -> 4506462.4 | E11: =D11*C11 -> 18025850 | G11: ='10) CHIPRE ESQ. TIPO 1'!E16 -> 80.4 | H11: ='10) CHIPRE ESQ. TIPO 1'!E10 -> 84.5 | J11: =G11*C11 -> 321.6 | K11: =H11*C11 -> 338
A12: 11 | B12: CHIPRE MED. TIPO 1 | C12: 29 | D12: ='11) CHIPRE MED. TIPO 1'!G25 -> 2956716.4 | E12: =D12*C12 -> 85744774 | G12: ='11) CHIPRE MED. TIPO 1'!E16 -> 73.2 | H12: ='11) CHIPRE MED. TIPO 1'!E10 -> 39.65 | J12: =G12*C12 -> 2122.8 | K12: =H12*C12 -> 1149.85
A13: 12 | B13: HIMALAYA CAMPESTRE | C13: 2 | D13: ='12) HIMALAYA CAMPESTRE'!G25 -> 8198390.8 | E13: =D13*C13 -> 16396782 | G13: ='12) HIMALAYA CAMPESTRE'!E16 -> 156 | H13: ='12) HIMALAYA CAMPESTRE'!E10 -> 152 | J13: =G13*C13 -> 312 | K13: =H13*C13 -> 304
A14: 13 | B14: LIBANO 1 PISO ESQ. | C14: 2 | D14: ='13) LIBANO 1 PISO ESQ.'!G25 -> 6404899.5 | E14: =D14*C14 -> 12809799 | G14: ='13) LIBANO 1 PISO ESQ.'!E16 -> 202.122 | H14: ='13) LIBANO 1 PISO ESQ.'!E10 -> 78.5 | J14: =G14*C14 -> 404.244 | K14: =H14*C14 -> 157 | P14: =K18/P10 -> 0.83078144
A15: 14 | B15: LIBANO 1 PISO MED. | C15: 9 | D15: ='14) LIBANO 1 PISO MED.'!G25 -> 4504896.4 | E15: =D15*C15 -> 40544068 | G15: ='14) LIBANO 1 PISO MED.'!E16 -> 164.58 | H15: ='14) LIBANO 1 PISO MED.'!E10 -> 45.5 | J15: =G15*C15 -> 1481.22 | K15: =H15*C15 -> 409.5
A16: 15 | B16: LIBANO 2 PISOS MED. | C16: 5 | D16: ='15) LIBANO 2 PISOS MED.'!G25 -> 3630369.4 | E16: =D16*C16 -> 18151847 | G16: ='15) LIBANO 2 PISOS MED.'!E16 -> 130 | H16: ='15) LIBANO 2 PISOS MED.'!E10 -> 98.5 | J16: =G16*C16 -> 650 | K16: =H16*C16 -> 492.5
A17: 16 | B17: LIBANO ESQ. | C17: 2 | D17: ='16) LIBANO ESQ.'!G25 -> 8448556.1 | E17: =D17*C17 -> 16897112 | G17: ='16) LIBANO ESQ.'!E16 -> 127.9 | H17: ='16) LIBANO ESQ.'!E10 -> 174.5 | J17: =G17*C17 -> 255.8 | K17: =H17*C17 -> 349
C18: =SUM(C2:C17) -> 84 | E18: =SUM(E2:E17) -> 2.7519945e+09 | J18: =SUM(J2:J17) -> 9229.264 | K18: =SUM(K2:K17) -> 6328.24 | L18: = 25% VENTANAS
B20: PROMEDIO POR CASA | E20: =E18/C18 -> 32761840
