Workbook

Sheet 16) LIBANO ESQ.
A1: COTIZACIÓN OBRA - LOS CEDROS (CASAS)
A2: DIRECCION: | C2: CALLE 3 NORTE # 18-49 LOCAL 2 | D2: CODIGO: FH-F-02 | E2: VERSIÓN: 01
A3: CORREO: | C3: Admin@fresh-house.co Rensomontoya@fresh-house.co | D3: FECHA: 01/07/2025
A4: TELEFONO: | C4: +57 310 461 7353 | D4: VALIDO HASTA: 01/10/2025
A5: CAPT | B5: ITEMS | C5: DESCRIPCION | D5: UNIDAD | E5: CANTIDAD | F5: VR UNITARIO | G5: VALOR DIRECTO ACTIVIDAD
A6: 1.0 | C6: PRELIMINARES | G6: =SUM(G7:G8) -> 0
B7: 1.1 | C7: Construcción de campamento provisional de obra y bodega para los trabajadores | deposito seguro de los materiales en obra | D7: UND | E7: 1 | F7: INCLUIDO
B8: 1.2 | C8: Instalación y demarcación de con avisos y señalética necesaria como: salidas vehiculares y peatonales | colocación de señales de precaución caída de objetos, transite con cuidado, instalación de conos y colombinas para demarcar senderos peatonales etc.… toda la implementación del sistema de gestión para la prevención de riesgos laborales | D8: GLB | E8: 1 | F8: INCLUIDO
A9: 2 | C9: FACHADAS Y COMPLEMENTARIOS | G9: =SUM(G10:G14) -> 5122481.2
B10: 2.1 | C10: Limpieza de fachadas y desprendimiento de material desprendido | D10: M2 | E10: 174.5 | F10: 4100 | G10: =F10*E10 -> 715450
B11: 2.2 | C11: Restauración y revoque de fachadas con graniplast antihongos o similar | D11: M2 | E11: 8.725 | F11: 42000 | G11: =F11*E11 -> 366450
B12: 2.3 | C12: Limpieza y sello con sellante tipo hibrido Multibond de la marca Soudal, alrededor de ventanas de fachada | D12: ML | E12: 18 | F12: 7200 | G12: =F12*E12 -> 129600
B13: 2.4 | C13: Pintura en fachadas exteriores (Koraza o similar). A dos manos respetando ficha tecnica de fabricante | D13: M2 | E13: 165.775 | F13: 22750 | G13: =F13*E13 -> 3771381.2
B14: 2.5 | C14: Limpieza de fachada en piedra. Incluye la aplicación de hidrofugo Siliconite de Pintuco o similar | D14: M2 | E14: 8.725 | F14: 16000 | G14: =F14*E14 -> 139600
A15: 3 | C15: CUBIERTA | G15: =SUM(G16:G16) -> 4176000
B16: 3.1 | C16: Mantenimiento general de cubierta, revisión de anclajes, sellos, flanches, etc | D16: M2 | E16: 144 | F16: 29000 | G16: =F16*E16 -> 4176000
A17: 4 | C17: TERMINADO Y LIMPIEZA | G17: =SUM(G18:G18) -> 100000
B18: 4.1 | C18: Aseo general y retiro de pintura. | D18: UND | E18: 1 | F18: 100000 | G18: =F18*E18 -> 100000
D19: TOTALES DIRECTOS | G19: =+G9+G17+G15 -> 9398481.2
D20: Administracion | F20: 0.08 | G20: =+$G$19*F20 -> 751878.5
D21: Imprevistos | F21: 0.05 | G21: =+$G$19*F21 -> 469924.06
D22: Utilidad | F22: 0.05 | G22: =+$G$19*F22 -> 469924.06
D23: IVA/U | F23: 0.19 | G23: =+G22*F23 -> 89285.572
D24: TOTAL INDIRECTOS | G24: =+G20+G21+G22+G23 -> 1781012.2
D25: TOTAL PROPUESTA | G25: =+G19+G24 -> 11179493

Sheet 15) LIBANO 2 PISOS MED.
A1: COTIZACIÓN OBRA - LOS CEDROS (CASAS)
A2: DIRECCION: | C2: CALLE 3 NORTE # 18-49 LOCAL 2 | D2: CODIGO: FH-F-02 | E2: VERSIÓN: 01
A3: CORREO: | C3: Admin@fresh-house.co Rensomontoya@fresh-house.co | D3: FECHA: 01/07/2025
A4: TELEFONO: | C4: +57 310 461 7353 | D4: VALIDO HASTA: 01/10/2025
A5: CAPT | B5: ITEMS | C5: DESCRIPCION | D5: UNIDAD | E5: CANTIDAD | F5: VR UNITARIO | G5: VALOR DIRECTO ACTIVIDAD
A6: 1.0 | C6: PRELIMINARES | G6: =SUM(G7:G8) -> 0
B7: 1.1 | C7: Construcción de campamento provisional de obra y bodega para los trabajadores | deposito seguro de los materiales en obra | D7: UND | E7: 1 | F7: INCLUIDO
B8: 1.2 | C8: Instalación y demarcación de con avisos y señalética necesaria como: salidas vehiculares y peatonales | colocación de señales de precaución caída de objetos, transite con cuidado, instalación de conos y colombinas para demarcar senderos peatonales etc.… toda la implementación del sistema de gestión para la prevención de riesgos laborales | D8: GLB | E8: 1 | F8: INCLUIDO
A9: 2 | C9: FACHADAS Y COMPLEMENTARIOS | G9: =SUM(G10:G14) -> 2939208.8
B10: 2.1 | C10: Limpieza de fachadas y desprendimiento de material desprendido | D10: M2 | E10: 98.5 | F10: 4100 | G10: =F10*E10 -> 403850
B11: 2.2 | C11: Restauración y revoque de fachadas con graniplast antihongos o similar | D11: M2 | E11: 4.87 | F11: 42000 | G11: =F11*E11 -> 204540
B12: 2.3 | C12: Limpieza y sello con sellante tipo hibrido Multibond de la marca Soudal, alrededor de ventanas de fachada | D12: ML | E12: 18 | F12: 7200 | G12: =F12*E12 -> 129600
B13: 2.4 | C13: Pintura en fachadas exteriores (Koraza o similar). A dos manos respetando ficha tecnica de fabricante | D13: M2 | E13: 92.625 | F13: 22750 | G13: =F13*E13 -> 2107218.8
B14: 2.5 | C14: Limpieza de fachada en piedra. Incluye la aplicación de hidrofugo Siliconite de Pintuco o similar | D14: M2 | E14: 5.875 | F14: 16000 | G14: =F14*E14 -> 94000
A15: 3 | C15: CUBIERTA | G15: =SUM(G16:G16) -> 3770000
B16: 3.1 | C16: Mantenimiento general de cubierta, revisión de anclajes, sellos, flanches, etc | D16: M2 | E16: 130 | F16: 29000 | G16: =F16*E16 -> 3770000
A17: 4 | C17: TERMINADO Y LIMPIEZA | G17: =SUM(G18:G18) -> 100000
B18: 4.1 | C18: Aseo general y retiro de pintura. | D18: UND | E18: 1 | F18: 100000 | G18: =F18*E18 -> 100000
D19: TOTALES DIRECTOS | G19: =+G9+G17+G15 -> 6809208.8
D20: Administracion | F20: 0.08 | G20: =+$G$19*F20 -> 544736.7
D21: Imprevistos | F21: 0.05 | G21: =+$G$19*F21 -> 340460.44
D22: Utilidad | F22: 0.05 | G22: =+$G$19*F22 -> 340460.44
D23: IVA/U | F23: 0.19 | G23: =+G22*F23 -> 64687.483
D24: TOTAL INDIRECTOS | G24: =+G20+G21+G22+G23 -> 1290345.1
D25: TOTAL PROPUESTA | G25: =+G19+G24 -> 8099553.8

Sheet 14) LIBANO 1 PISO MED.
A1: COTIZACIÓN OBRA - LOS CEDROS (CASAS)
A2: DIRECCION: | C2: CALLE 3 NORTE # 18-49 LOCAL 2 | D2: CODIGO: FH-F-02 | E2: VERSIÓN: 01
A3: CORREO: | C3: Admin@fresh-house.co Rensomontoya@fresh-house.co | D3: FECHA: 01/07/2025
A4: TELEFONO: | C4: +57 310 461 7353 | D4: VALIDO HASTA: 01/10/2025
A5: CAPT | B5: ITEMS | C5: DESCRIPCION | D5: UNIDAD | E5: CANTIDAD | F5: VR UNITARIO | G5: VALOR DIRECTO ACTIVIDAD
A6: 1.0 | C6: PRELIMINARES | G6: =SUM(G7:G8) -> 0
B7: 1.1 | C7: Construcción de campamento provisional de obra y bodega para los trabajadores | deposito seguro de los materiales en obra | D7: UND | E7: 1 | F7: INCLUIDO
B8: 1.2 | C8: Instalación y demarcación de con avisos y señalética necesaria como: salidas vehiculares y peatonales | colocación de señales de precaución caída de objetos, transite con cuidado, instalación de conos y colombinas para demarcar senderos peatonales etc.… toda la implementación del sistema de gestión para la prevención de riesgos laborales | D8: GLB | E8: 1 | F8: INCLUIDO
A9: 2 | C9: FACHADAS Y COMPLEMENTARIOS | G9: =SUM(G10:G14) -> 1267892.5
B10: 2.1 | C10: Limpieza de fachadas y desprendimiento de material desprendido | D10: M2 | E10: 45.5 | F10: 4100 | G10: =F10*E10 -> 186550
B11: 2.2 | C11: Restauración y revoque de fachadas con graniplast antihongos o similar | D11: M2 | E11: 2.2 | F11: 42000 | G11: =F11*E11 -> 92400
B12: 2.3 | C12: Limpieza y sello con sellante tipo hibrido Multibond de la marca Soudal, alrededor de ventanas de fachada | D12: ML | E12: 0 | F12: 7200 | G12: =F12*E12 -> 0
B13: 2.4 | C13: Pintura en fachadas exteriores (Koraza o similar). A dos manos respetando ficha tecnica de fabricante | D13: M2 | E13: 38.67 | F13: 22750 | G13: =F13*E13 -> 879742.5
B14: 2.5 | C14: Limpieza de fachada en piedra. Incluye la aplicación de hidrofugo Siliconite de Pintuco o similar | D14: M2 | E14: 6.825 | F14: 16000 | G14: =F14*E14 -> 109200
A15: 3 | C15: CUBIERTA | G15: =SUM(G16:G16) -> 3770000
B16: 3.1 | C16: Mantenimiento general de cubierta, revisión de anclajes, sellos, flanches, etc | D16: M2 | E16: 130 | F16: 29000 | G16: =F16*E16 -> 3770000
A17: 4 | C17: TERMINADO Y LIMPIEZA | G17: =SUM(G18:G18) -> 100000
B18: 4.1 | C18: Aseo general y retiro de pintura. | D18: UND | E18: 1 | F18: 100000 | G18: =F18*E18 -> 100000
D19: TOTALES DIRECTOS | G19: =+G9+G17+G15 -> 5137892.5
D20: Administracion | F20: 0.08 | G20: =+$G$19*F20 -> 411031.4
D21: Imprevistos | F21: 0.05 | G21: =+$G$19*F21 -> 256894.62
D22: Utilidad | F22: 0.05 | G22: =+$G$19*F22 -> 256894.62
D23: IVA/U | F23: 0.19 | G23: =+G22*F23 -> 48809.979
D24: TOTAL INDIRECTOS | G24: =+G20+G21+G22+G23 -> 973630.63
D25: TOTAL PROPUESTA | G25: =+G19+G24 -> 6111523.1

Sheet 13) LIBANO 1 PISO ESQ.
A1: COTIZACIÓN OBRA - LOS CEDROS (CASAS)
A2: DIRECCION: | C2: CALLE 3 NORTE # 18-49 LOCAL 2 | D2: CODIGO: FH-F-02 | E2: VERSIÓN: 01
A3: CORREO: | C3: Admin@fresh-house.co Rensomontoya@fresh-house.co | D3: FECHA: 01/07/2025
A4: TELEFONO: | C4: +57 310 461 7353 | D4: VALIDO HASTA: 01/10/2025
A5: CAPT | B5: ITEMS | C5: DESCRIPCION | D5: UNIDAD | E5: CANTIDAD | F5: VR UNITARIO | G5: VALOR DIRECTO ACTIVIDAD
A6: 1.0 | C6: PRELIMINARES | G6: =SUM(G7:G8) -> 0
B7: 1.1 | C7: Construcción de campamento provisional de obra y bodega para los trabajadores | deposito seguro de los materiales en obra | D7: UND | E7: 1 | F7: INCLUIDO
B8: 1.2 | C8: Instalación y demarcación de con avisos y señalética necesaria como: salidas vehiculares y peatonales | colocación de señales de precaución caída de objetos, transite con cuidado, instalación de conos y colombinas para demarcar senderos peatonales etc.… toda la implementación del sistema de gestión para la prevención de riesgos laborales | D8: GLB | E8: 1 | F8: INCLUIDO
A9: 2 | C9: FACHADAS Y COMPLEMENTARIOS | G9: =SUM(G10:G14) -> 2313337.5
B10: 2.1 | C10: Limpieza de fachadas y desprendimiento de material desprendido | D10: M2 | E10: 78.5 | F10: 4100 | G10: =F10*E10 -> 321850
B11: 2.2 | C11: Restauración y revoque de fachadas con graniplast antihongos o similar | D11: M2 | E11: 4.1 | F11: 42000 | G11: =F11*E11 -> 172200
B12: 2.3 | C12: Limpieza y sello con sellante tipo hibrido Multibond de la marca Soudal, alrededor de ventanas de fachada | D12: ML | E12: 12 | F12: 7200 | G12: =F12*E12 -> 86400
B13: 2.4 | C13: Pintura en fachadas exteriores (Koraza o similar). A dos manos respetando ficha tecnica de fabricante | D13: M2 | E13: 70.65 | F13: 22750 | G13: =F13*E13 -> 1607287.5
B14: 2.5 | C14: Limpieza de fachada en piedra. Incluye la aplicación de hidrofugo Siliconite de Pintuco o similar | D14: M2 | E14: 7.85 | F14: 16000 | G14: =F14*E14 -> 125600
A15: 3 | C15: CUBIERTA | G15: =SUM(G16:G16) -> 3770000
B16: 3.1 | C16: Mantenimiento general de cubierta, revisión de anclajes, sellos, flanches, etc | D16: M2 | E16: 130 | F16: 29000 | G16: =F16*E16 -> 3770000
A17: 4 | C17: TERMINADO Y LIMPIEZA | G17: =SUM(G18:G18) -> 100000
B18: 4.1 | C18: Aseo general y retiro de pintura. | D18: UND | E18: 1 | F18: 100000 | G18: =F18*E18 -> 100000
D19: TOTALES DIRECTOS | G19: =+G9+G17+G15 -> 6183337.5
D20: Administracion | F20: 0.08 | G20: =+$G$19*F20 -> 494667
D21: Imprevistos | F21: 0.05 | G21: =+$G$19*F21 -> 309166.88
D22: Utilidad | F22: 0.05 | G22: =+$G$19*F22 -> 309166.88
D23: IVA/U | F23: 0.19 | G23: =+G22*F23 -> 58741.706
D24: TOTAL INDIRECTOS | G24: =+G20+G21+G22+G23 -> 1171742.5
D25: TOTAL PROPUESTA | G25: =+G19+G24 -> 7355080

Sheet 12) HIMALAYA CAMPESTRE
A1: COTIZACIÓN OBRA - LOS CEDROS (CASAS)
A2: DIRECCION: | C2: CALLE 3 NORTE # 18-49 LOCAL 2 | D2: CODIGO: FH-F-02 | E2: VERSIÓN: 01
A3: CORREO: | C3: Admin@fresh-house.co Rensomontoya@fresh-house.co | D3: FECHA: 01/07/2025
A4: TELEFONO: | C4: +57 310 461 7353 | D4: VALIDO HASTA: 01/10/2025
A5: CAPT | B5: ITEMS | C5: DESCRIPCION | D5: UNIDAD | E5: CANTIDAD | F5: VR UNITARIO | G5: VALOR DIRECTO ACTIVIDAD
A6: 1.0 | C6: PRELIMINARES | G6: =SUM(G7:G8) -> 0
B7: 1.1 | C7: Construcción de campamento provisional de obra y bodega para los trabajadores | deposito seguro de los materiales en obra | D7: UND | E7: 1 | F7: INCLUIDO
B8: 1.2 | C8: Instalación y demarcación de con avisos y señalética necesaria como: salidas vehiculares y peatonales | colocación de señales de precaución caída de objetos, transite con cuidado, instalación de conos y colombinas para demarcar senderos peatonales etc.… toda la implementación del sistema de gestión para la prevención de riesgos laborales | D8: GLB | E8: 1 | F8: INCLUIDO
A9: 2 | C9: FACHADAS Y COMPLEMENTARIOS | G9: =SUM(G10:G14) -> 4499100
B10: 2.1 | C10: Limpieza de fachadas y desprendimiento de material desprendido | D10: M2 | E10: 152 | F10: 4100 | G10: =F10*E10 -> 623200
B11: 2.2 | C11: Restauración y revoque de fachadas con graniplast antihongos o similar | D11: M2 | E11: 7.4 | F11: 42000 | G11: =F11*E11 -> 310800
B12: 2.3 | C12: Limpieza y sello con sellante tipo hibrido Multibond de la marca Soudal, alrededor de ventanas de fachada | D12: ML | E12: 22 | F12: 7200 | G12: =F12*E12 -> 158400
B13: 2.4 | C13: Pintura en fachadas exteriores (Koraza o similar). A dos manos respetando ficha tecnica de fabricante | D13: M2 | E13: 144.4 | F13: 22750 | G13: =F13*E13 -> 3285100
B14: 2.5 | C14: Limpieza de fachada en piedra. Incluye la aplicación de hidrofugo Siliconite de Pintuco o similar | D14: M2 | E14: 7.6 | F14: 16000 | G14: =F14*E14 -> 121600
A15: 3 | C15: CUBIERTA | G15: =SUM(G16:G16) -> 4524000
B16: 3.1 | C16: Mantenimiento general de cubierta, revisión de anclajes, sellos, flanches, etc | D16: M2 | E16: 156 | F16: 29000 | G16: =F16*E16 -> 4524000
A17: 4 | C17: TERMINADO Y LIMPIEZA | G17: =SUM(G18:G18) -> 100000
B18: 4.1 | C18: Aseo general y retiro de pintura. | D18: UND | E18: 1 | F18: 100000 | G18: =F18*E18 -> 100000
D19: TOTALES DIRECTOS | G19: =+G9+G17+G15 -> 9123100
D20: Administracion | F20: 0.08 | G20: =+$G$19*F20 -> 729848
D21: Imprevistos | F21: 0.05 | G21: =+$G$19*F21 -> 456155
D22: Utilidad | F22: 0.05 | G22: =+$G$19*F22 -> 456155
D23: IVA/U | F23: 0.19 | G23: =+G22*F23 -> 86669.45
D24: TOTAL INDIRECTOS | G24: =+G20+G21+G22+G23 -> 1728827.4
D25: TOTAL PROPUESTA | G25: =+G19+G24 -> 10851927

Sheet 11) CHIPRE MED. TIPO 1
A1: COTIZACIÓN OBRA - LOS CEDROS (CASAS)
A2: DIRECCION: | C2: CALLE 3 NORTE # 18-49 LOCAL 2 | D2: CODIGO: FH-F-02 | E2: VERSIÓN: 01
A3: CORREO: | C3: Admin@fresh-house.co Rensomontoya@fresh-house.co | D3: FECHA: 01/07/2025
A4: TELEFONO: | C4: +57 310 461 7353 | D4: VALIDO HASTA: 01/10/2025
A5: CAPT | B5: ITEMS | C5: DESCRIPCION | D5: UNIDAD | E5: CANTIDAD | F5: VR UNITARIO | G5: VALOR DIRECTO ACTIVIDAD
A6: 1.0 | C6: PRELIMINARES | G6: =SUM(G7:G8) -> 0
B7: 1.1 | C7: Construcción de campamento provisional de obra y bodega para los trabajadores | deposito seguro de los materiales en obra | D7: UND | E7: 1 | F7: INCLUIDO
B8: 1.2 | C8: Instalación y demarcación de con avisos y señalética necesaria como: salidas vehiculares y peatonales | colocación de señales de precaución caída de objetos, transite con cuidado, instalación de conos y colombinas para demarcar senderos peatonales etc.… toda la implementación del sistema de gestión para la prevención de riesgos laborales | D8: GLB | E8: 1 | F8: INCLUIDO
A9: 2 | C9: FACHADAS Y COMPLEMENTARIOS | G9: =SUM(G10:G14) -> 1309640
B10: 2.1 | C10: Limpieza de fachadas y desprendimiento de material desprendido | D10: M2 | E10: 39.65 | F10: 4100 | G10: =F10*E10 -> 162565
B11: 2.2 | C11: Restauración y revoque de fachadas con graniplast antihongos o similar | D11: M2 | E11: 2.68 | F11: 42000 | G11: =F11*E11 -> 112560
B12: 2.3 | C12: Limpieza y sello con sellante tipo hibrido Multibond de la marca Soudal, alrededor de ventanas de fachada | D12: ML | E12: 24 | F12: 7200 | G12: =F12*E12 -> 172800
B13: 2.4 | C13: Pintura en fachadas exteriores (Koraza o similar). A dos manos respetando ficha tecnica de fabricante | D13: M2 | E13: 33.7 | F13: 22750 | G13: =F13*E13 -> 766675
B14: 2.5 | C14: Limpieza de fachada en piedra. Incluye la aplicación de hidrofugo Siliconite de Pintuco o similar | D14: M2 | E14: 5.94 | F14: 16000 | G14: =F14*E14 -> 95040
A15: 3 | C15: CUBIERTA | G15: =SUM(G16:G16) -> 2122800
B16: 3.1 | C16: Mantenimiento general de cubierta, revisión de anclajes, sellos, flanches, etc | D16: M2 | E16: 73.2 | F16: 29000 | G16: =F16*E16 -> 2122800
A17: 4 | C17: TERMINADO Y LIMPIEZA | G17: =SUM(G18:G18) -> 100000
B18: 4.1 | C18: Aseo general y retiro de pintura. | D18: UND | E18: 1 | F18: 100000 | G18: =F18*E18 -> 100000
D19: TOTALES DIRECTOS | G19: =+G9+G17+G15 -> 3532440
D20: Administracion | F20: 0.08 | G20: =+$G$19*F20 -> 282595.2
D21: Imprevistos | F21: 0.05 | G21: =+$G$19*F21 -> 176622
D22: Utilidad | F22: 0.05 | G22: =+$G$19*F22 -> 176622
D23: IVA/U | F23: 0.19 | G23: =+G22*F23 -> 33558.18
D24: TOTAL INDIRECTOS | G24: =+G20+G21+G22+G23 -> 669397.38
D25: TOTAL PROPUESTA | G25: =+G19+G24 -> 4201837.4

Sheet 10) CHIPRE ESQ. TIPO 1
A1: COTIZACIÓN OBRA - LOS CEDROS (CASAS)
A2: DIRECCION: | C2: CALLE 3 NORTE # 18-49 LOCAL 2 | D2: CODIGO: FH-F-02 | E2: VERSIÓN: 01
A3: CORREO: | C3: Admin@fresh-house.co Rensomontoya@fresh-house.co | D3: FECHA: 01/07/2025
A4: TELEFONO: | C4: +57 310 461 7353 | D4: VALIDO HASTA: 01/10/2025
A5: CAPT | B5: ITEMS | C5: DESCRIPCION | D5: UNIDAD | E5: CANTIDAD | F5: VR UNITARIO | G5: VALOR DIRECTO ACTIVIDAD
A6: 1.0 | C6: PRELIMINARES | G6: =SUM(G7:G8) -> 0
B7: 1.1 | C7: Construcción de campamento provisional de obra y bodega para los trabajadores | deposito seguro de los materiales en obra | D7: UND | E7: 1 | F7: INCLUIDO
B8: 1.2 | C8: Instalación y demarcación de con avisos y señalética necesaria como: salidas vehiculares y peatonales | colocación de señales de precaución caída de objetos, transite con cuidado, instalación de conos y colombinas para demarcar senderos peatonales etc.… toda la implementación del sistema de gestión para la prevención de riesgos laborales | D8: GLB | E8: 1 | F8: INCLUIDO
A9: 2 | C9: FACHADAS Y COMPLEMENTARIOS | G9: =SUM(G10:G14) -> 2506655
B10: 2.1 | C10: Limpieza de fachadas y desprendimiento de material desprendido | D10: M2 | E10: 84.5 | F10: 4100 | G10: =F10*E10 -> 346450
B11: 2.2 | C11: Restauración y revoque de fachadas con graniplast antihongos o similar | D11: M2 | E11: 3.59 | F11: 42000 | G11: =F11*E11 -> 150780
B12: 2.3 | C12: Limpieza y sello con sellante tipo hibrido Multibond de la marca Soudal, alrededor de ventanas de fachada | D12: ML | E12: 24 | F12: 7200 | G12: =F12*E12 -> 172800
B13: 2.4 | C13: Pintura en fachadas exteriores (Koraza o similar). A dos manos respetando ficha tecnica de fabricante | D13: M2 | E13: 71.82 | F13: 22750 | G13: =F13*E13 -> 1633905
B14: 2.5 | C14: Limpieza de fachada en piedra. Incluye la aplicación de hidrofugo Siliconite de Pintuco o similar | D14: M2 | E14: 12.67 | F14: 16000 | G14: =F14*E14 -> 202720
A15: 3 | C15: CUBIERTA | G15: =SUM(G16:G16) -> 2331600
B16: 3.1 | C16: Mantenimiento general de cubierta, revisión de anclajes, sellos, flanches, etc | D16: M2 | E16: 80.4 | F16: 29000 | G16: =F16*E16 -> 2331600
A17: 4 | C17: TERMINADO Y LIMPIEZA | G17: =SUM(G18:G18) -> 100000
B18: 4.1 | C18: Aseo general y retiro de pintura. | D18: UND | E18: 1 | F18: 100000 | G18: =F18*E18 -> 100000
D19: TOTALES DIRECTOS | G19: =+G9+G17+G15 -> 4938255
D20: Administracion | F20: 0.08 | G20: =+$G$19*F20 -> 395060.4
D21: Imprevistos | F21: 0.05 | G21: =+$G$19*F21 -> 246912.75
D22: Utilidad | F22: 0.05 | G22: =+$G$19*F22 -> 246912.75
D23: IVA/U | F23: 0.19 | G23: =+G22*F23 -> 46913.423
D24: TOTAL INDIRECTOS | G24: =+G20+G21+G22+G23 -> 935799.32
D25: TOTAL PROPUESTA | G25: =+G19+G24 -> 5874054.3

Sheet 9) ATLAS MED. TIPO 1
A1: COTIZACIÓN OBRA - LOS CEDROS (CASAS)
A2: DIRECCION: | C2: CALLE 3 NORTE # 18-49 LOCAL 2 | D2: CODIGO: FH-F-02 | E2: VERSIÓN: 01
A3: CORREO: | C3: Admin@fresh-house.co Rensomontoya@fresh-house.co | D3: FECHA: 01/07/2025
A4: TELEFONO: | C4: +57 310 461 7353 | D4: VALIDO HASTA: 01/10/2025
A5: CAPT | B5: ITEMS | C5: DESCRIPCION | D5: UNIDAD | E5: CANTIDAD | F5: VR UNITARIO | G5: VALOR DIRECTO ACTIVIDAD
A6: 1.0 | C6: PRELIMINARES | G6: =SUM(G7:G8) -> 0
B7: 1.1 | C7: Construcción de campamento provisional de obra y bodega para los trabajadores | deposito seguro de los materiales en obra | D7: UND | E7: 1 | F7: INCLUIDO
B8: 1.2 | C8: Instalación y demarcación de con avisos y señalética necesaria como: salidas vehiculares y peatonales | colocación de señales de precaución caída de objetos, transite con cuidado, instalación de conos y colombinas para demarcar senderos peatonales etc.… toda la implementación del sistema de gestión para la prevención de riesgos laborales | D8: GLB | E8: 1 | F8: INCLUIDO
A9: 2 | C9: FACHADAS Y COMPLEMENTARIOS | G9: =SUM(G10:G14) -> 1308420
B10: 2.1 | C10: Limpieza de fachadas y desprendimiento de material desprendido | D10: M2 | E10: 41.6 | F10: 4100 | G10: =F10*E10 -> 170560
B11: 2.2 | C11: Restauración y revoque de fachadas con graniplast antihongos o similar | D11: M2 | E11: 2.45 | F11: 42000 | G11: =F11*E11 -> 102900
B12: 2.3 | C12: Limpieza y sello con sellante tipo hibrido Multibond de la marca Soudal, alrededor de ventanas de fachada | D12: ML | E12: 24 | F12: 7200 | G12: =F12*E12 -> 172800
B13: 2.4 | C13: Pintura en fachadas exteriores (Koraza o similar). A dos manos respetando ficha tecnica de fabricante | D13: M2 | E13: 29.12 | F13: 22750 | G13: =F13*E13 -> 662480
B14: 2.5 | C14: Limpieza de fachada en piedra. Incluye la aplicación de hidrofugo Siliconite de Pintuco o similar | D14: M2 | E14: 12.48 | F14: 16000 | G14: =F14*E14 -> 199680
A15: 3 | C15: CUBIERTA | G15: =SUM(G16:G16) -> 2227200
B16: 3.1 | C16: Mantenimiento general de cubierta, revisión de anclajes, sellos, flanches, etc | D16: M2 | E16: 76.8 | F16: 29000 | G16: =F16*E16 -> 2227200
A17: 4 | C17: TERMINADO Y LIMPIEZA | G17: =SUM(G18:G18) -> 100000
B18: 4.1 | C18: Aseo general y retiro de pintura. | D18: UND | E18: 1 | F18: 100000 | G18: =F18*E18 -> 100000
D19: TOTALES DIRECTOS | G19: =+G9+G17+G15 -> 3635620
D20: Administracion | F20: 0.08 | G20: =+$G$19*F20 -> 290849.6
D21: Imprevistos | F21: 0.05 | G21: =+$G$19*F21 -> 181781
D22: Utilidad | F22: 0.05 | G22: =+$G$19*F22 -> 181781
D23: IVA/U | F23: 0.19 | G23: =+G22*F23 -> 34538.39
D24: TOTAL INDIRECTOS | G24: =+G20+G21+G22+G23 -> 688949.99
D25: TOTAL PROPUESTA | G25: =+G19+G24 -> 4324570

Sheet 8) ATLAS ESQ. TIPO 2
A1: COTIZACIÓN OBRA - LOS CEDROS (CASAS)
A2: DIRECCION: | C2: CALLE 3 NORTE # 18-49 LOCAL 2 | D2: CODIGO: FH-F-02 | E2: VERSIÓN: 01
A3: CORREO: | C3: Admin@fresh-house.co Rensomontoya@fresh-house.co | D3: FECHA: 01/07/2025
A4: TELEFONO: | C4: +57 310 461 7353 | D4: VALIDO HASTA: 01/10/2025
A5: CAPT | B5: ITEMS | C5: DESCRIPCION | D5: UNIDAD | E5: CANTIDAD | F5: VR UNITARIO | G5: VALOR DIRECTO ACTIVIDAD
A6: 1.0 | C6: PRELIMINARES | G6: =SUM(G7:G8) -> 0
B7: 1.1 | C7: Construcción de campamento provisional de obra y bodega para los trabajadores | deposito seguro de los materiales en obra | D7: UND | E7: 1 | F7: INCLUIDO
B8: 1.2 | C8: Instalación y demarcación de con avisos y señalética necesaria como: salidas vehiculares y peatonales | colocación de señales de precaución caída de objetos, transite con cuidado, instalación de conos y colombinas para demarcar senderos peatonales etc.… toda la implementación del sistema de gestión para la prevención de riesgos laborales | D8: GLB | E8: 1 | F8: INCLUIDO
A9: 2 | C9: FACHADAS Y COMPLEMENTARIOS | G9: =SUM(G10:G14) -> 4316640
B10: 2.1 | C10: Limpieza de fachadas y desprendimiento de material desprendido | D10: M2 | E10: 149.5 | F10: 4100 | G10: =F10*E10 -> 612950
B11: 2.2 | C11: Restauración y revoque de fachadas con graniplast antihongos o similar | D11: M2 | E11: 6.35 | F11: 42000 | G11: =F11*E11 -> 266700
B12: 2.3 | C12: Limpieza y sello con sellante tipo hibrido Multibond de la marca Soudal, alrededor de ventanas de fachada | D12: ML | E12: 26 | F12: 7200 | G12: =F12*E12 -> 187200
B13: 2.4 | C13: Pintura en fachadas exteriores (Koraza o similar). A dos manos respetando ficha tecnica de fabricante | D13: M2 | E13: 127.08 | F13: 22750 | G13: =F13*E13 -> 2891070
B14: 2.5 | C14: Limpieza de fachada en piedra. Incluye la aplicación de hidrofugo Siliconite de Pintuco o similar | D14: M2 | E14: 22.42 | F14: 16000 | G14: =F14*E14 -> 358720
A15: 3 | C15: CUBIERTA | G15: =SUM(G16:G16) -> 3828000
B16: 3.1 | C16: Mantenimiento general de cubierta, revisión de anclajes, sellos, flanches, etc | D16: M2 | E16: 132 | F16: 29000 | G16: =F16*E16 -> 3828000
A17: 4 | C17: TERMINADO Y LIMPIEZA | G17: =SUM(G18:G18) -> 100000
B18: 4.1 | C18: Aseo general y retiro de pintura. | D18: UND | E18: 1 | F18: 100000 | G18: =F18*E18 -> 100000
D19: TOTALES DIRECTOS | G19: =+G9+G17+G15 -> 8244640
D20: Administracion | F20: 0.08 | G20: =+$G$19*F20 -> 659571.2
D21: Imprevistos | F21: 0.05 | G21: =+$G$19*F21 -> 412232
D22: Utilidad | F22: 0.05 | G22: =+$G$19*F22 -> 412232
D23: IVA/U | F23: 0.19 | G23: =+G22*F23 -> 78324.08
D24: TOTAL INDIRECTOS | G24: =+G20+G21+G22+G23 -> 1562359.3
D25: TOTAL PROPUESTA | G25: =+G19+G24 -> 9806999.3

Sheet 7) ATLAS ESQ. TIPO 1
A1: COTIZACIÓN OBRA - LOS CEDROS (CASAS)
A2: DIRECCION: | C2: CALLE 3 NORTE # 18-49 LOCAL 2 | D2: CODIGO: FH-F-02 | E2: VERSIÓN: 01
A3: CORREO: | C3: Admin@fresh-house.co Rensomontoya@fresh-house.co | D3: FECHA: 01/07/2025
A4: TELEFONO: | C4: +57 310 461 7353 | D4: VALIDO HASTA: 01/10/2025
A5: CAPT | B5: ITEMS | C5: DESCRIPCION | D5: UNIDAD | E5: CANTIDAD | F5: VR UNITARIO | G5: VALOR DIRECTO ACTIVIDAD
A6: 1.0 | C6: PRELIMINARES | G6: =SUM(G7:G8) -> 0
B7: 1.1 | C7: Construcción de campamento provisional de obra y bodega para los trabajadores | deposito seguro de los materiales en obra | D7: UND | E7: 1 | F7: INCLUIDO
B8: 1.2 | C8: Instalación y demarcación de con avisos y señalética necesaria como: salidas vehiculares y peatonales | colocación de señales de precaución caída de objetos, transite con cuidado, instalación de conos y colombinas para demarcar senderos peatonales etc.… toda la implementación del sistema de gestión para la prevención de riesgos laborales | D8: GLB | E8: 1 | F8: INCLUIDO
A9: 2 | C9: FACHADAS Y COMPLEMENTARIOS | G9: =SUM(G10:G14) -> 4316640
B10: 2.1 | C10: Limpieza de fachadas y desprendimiento de material desprendido | D10: M2 | E10: 149.5 | F10: 4100 | G10: =F10*E10 -> 612950
B11: 2.2 | C11: Restauración y revoque de fachadas con graniplast antihongos o similar | D11: M2 | E11: 6.35 | F11: 42000 | G11: =F11*E11 -> 266700
B12: 2.3 | C12: Limpieza y sello con sellante tipo hibrido Multibond de la marca Soudal, alrededor de ventanas de fachada | D12: ML | E12: 26 | F12: 7200 | G12: =F12*E12 -> 187200
B13: 2.4 | C13: Pintura en fachadas exteriores (Koraza o similar). A dos manos respetando ficha tecnica de fabricante | D13: M2 | E13: 127.08 | F13: 22750 | G13: =F13*E13 -> 2891070
B14: 2.5 | C14: Limpieza de fachada en piedra. Incluye la aplicación de hidrofugo Siliconite de Pintuco o similar | D14: M2 | E14: 22.42 | F14: 16000 | G14: =F14*E14 -> 358720
A15: 3 | C15: CUBIERTA | G15: =SUM(G16:G16) -> 3828000
B16: 3.1 | C16: Mantenimiento general de cubierta, revisión de anclajes, sellos, flanches, etc | D16: M2 | E16: 132 | F16: 29000 | G16: =F16*E16 -> 3828000
A17: 4 | C17: TERMINADO Y LIMPIEZA | G17: =SUM(G18:G18) -> 100000
B18: 4.1 | C18: Aseo general y retiro de pintura. | D18: UND | E18: 1 | F18: 100000 | G18: =F18*E18 -> 100000
D19: TOTALES DIRECTOS | G19: =+G9+G17+G15 -> 8244640
D20: Administracion | F20: 0.08 | G20: =+$G$19*F20 -> 659571.2
D21: Imprevistos | F21: 0.05 | G21: =+$G$19*F21 -> 412232
D22: Utilidad | F22: 0.05 | G22: =+$G$19*F22 -> 412232
D23: IVA/U | F23: 0.19 | G23: =+G22*F23 -> 78324.08
D24: TOTAL INDIRECTOS | G24: =+G20+G21+G22+G23 -> 1562359.3
D25: TOTAL PROPUESTA | G25: =+G19+G24 -> 9806999.3

Sheet 6) HIMALAYA MED. TIPO 2
A1: COTIZACIÓN OBRA - LOS CEDROS (CASAS)
A2: DIRECCION: | C2: CALLE 3 NORTE # 18-49 LOCAL 2 | D2: CODIGO: FH-F-02 | E2: VERSIÓN: 01
A3: CORREO: | C3: Admin@fresh-house.co Rensomontoya@fresh-house.co | D3: FECHA: 01/07/2025
A4: TELEFONO: | C4: +57 310 461 7353 | D4: VALIDO HASTA: 01/10/2025
A5: CAPT | B5: ITEMS | C5: DESCRIPCION | D5: UNIDAD | E5: CANTIDAD | F5: VR UNITARIO | G5: VALOR DIRECTO ACTIVIDAD
A6: 1.0 | C6: PRELIMINARES | G6: =SUM(G7:G8) -> 0
B7: 1.1 | C7: Construcción de campamento provisional de obra y bodega para los trabajadores | deposito seguro de los materiales en obra | D7: UND | E7: 1 | F7: INCLUIDO
B8: 1.2 | C8: Instalación y demarcación de con avisos y señalética necesaria como: salidas vehiculares y peatonales | colocación de señales de precaución caída de objetos, transite con cuidado, instalación de conos y colombinas para demarcar senderos peatonales etc.… toda la implementación del sistema de gestión para la prevención de riesgos laborales | D8: GLB | E8: 1 | F8: INCLUIDO
A9: 2 | C9: FACHADAS Y COMPLEMENTARIOS | G9: =SUM(G10:G14) -> 1991340
B10: 2.1 | C10: Limpieza de fachadas y desprendimiento de material desprendido | D10: M2 | E10: 68.25 | F10: 4100 | G10: =F10*E10 -> 279825
B11: 2.2 | C11: Restauración y revoque de fachadas con graniplast antihongos o similar | D11: M2 | E11: 3.3 | F11: 42000 | G11: =F11*E11 -> 138600
B12: 2.3 | C12: Limpieza y sello con sellante tipo hibrido Multibond de la marca Soudal, alrededor de ventanas de fachada | D12: ML | E12: 22 | F12: 7200 | G12: =F12*E12 -> 158400
B13: 2.4 | C13: Pintura en fachadas exteriores (Koraza o similar). A dos manos respetando ficha tecnica de fabricante | D13: M2 | E13: 47.78 | F13: 22750 | G13: =F13*E13 -> 1086995
B14: 2.5 | C14: Limpieza de fachada en piedra. Incluye la aplicación de hidrofugo Siliconite de Pintuco o similar | D14: M2 | E14: 20.47 | F14: 16000 | G14: =F14*E14 -> 327520
A15: 3 | C15: CUBIERTA | G15: =SUM(G16:G16) -> 3654000
B16: 3.1 | C16: Mantenimiento general de cubierta, revisión de anclajes, sellos, flanches, etc | D16: M2 | E16: 126 | F16: 29000 | G16: =F16*E16 -> 3654000
A17: 4 | C17: TERMINADO Y LIMPIEZA | G17: =SUM(G18:G18) -> 100000
B18: 4.1 | C18: Aseo general y retiro de pintura. | D18: UND | E18: 1 | F18: 100000 | G18: =F18*E18 -> 100000
D19: TOTALES DIRECTOS | G19: =+G9+G17+G15 -> 5745340
D20: Administracion | F20: 0.08 | G20: =+$G$19*F20 -> 459627.2
D21: Imprevistos | F21: 0.05 | G21: =+$G$19*F21 -> 287267
D22: Utilidad | F22: 0.05 | G22: =+$G$19*F22 -> 287267
D23: IVA/U | F23: 0.19 | G23: =+G22*F23 -> 54580.73
D24: TOTAL INDIRECTOS | G24: =+G20+G21+G22+G23 -> 1088741.9
D25: TOTAL PROPUESTA | G25: =+G19+G24 -> 6834081.9

Sheet 5) HIMALAYA MED. TIPO 1
A1: COTIZACIÓN OBRA - LOS CEDROS (CASAS)
A2: DIRECCION: | C2: CALLE 3 NORTE # 18-49 LOCAL 2 | D2: CODIGO: FH-F-02 | E2: VERSIÓN: 01
A3: CORREO: | C3: Admin@fresh-house.co Rensomontoya@fresh-house.co | D3: FECHA: 01/07/2025
A4: TELEFONO: | C4: +57 310 461 7353 | D4: VALIDO HASTA: 01/10/2025
A5: CAPT | B5: ITEMS | C5: DESCRIPCION | D5: UNIDAD | E5: CANTIDAD | F5: VR UNITARIO | G5: VALOR DIRECTO ACTIVIDAD
A6: 1.0 | C6: PRELIMINARES | G6: =SUM(G7:G8) -> 0
B7: 1.1 | C7: Construcción de campamento provisional de obra y bodega para los trabajadores | deposito seguro de los materiales en obra | D7: UND | E7: 1 | F7: INCLUIDO
B8: 1.2 | C8: Instalación y demarcación de con avisos y señalética necesaria como: salidas vehiculares y peatonales | colocación de señales de precaución caída de objetos, transite con cuidado, instalación de conos y colombinas para demarcar senderos peatonales etc.… toda la implementación del sistema de gestión para la prevención de riesgos laborales | D8: GLB | E8: 1 | F8: INCLUIDO
A9: 2 | C9: FACHADAS Y COMPLEMENTARIOS | G9: =SUM(G10:G14) -> 1959067.5
B10: 2.1 | C10: Limpieza de fachadas y desprendimiento de material desprendido | D10: M2 | E10: 66.95 | F10: 4100 | G10: =F10*E10 -> 274495
B11: 2.2 | C11: Restauración y revoque de fachadas con graniplast antihongos o similar | D11: M2 | E11: 3.3 | F11: 42000 | G11: =F11*E11 -> 138600
B12: 2.3 | C12: Limpieza y sello con sellante tipo hibrido Multibond de la marca Soudal, alrededor de ventanas de fachada | D12: ML | E12: 22 | F12: 7200 | G12: =F12*E12 -> 158400
B13: 2.4 | C13: Pintura en fachadas exteriores (Koraza o similar). A dos manos respetando ficha tecnica de fabricante | D13: M2 | E13: 46.87 | F13: 22750 | G13: =F13*E13 -> 1066292.5
B14: 2.5 | C14: Limpieza de fachada en piedra. Incluye la aplicación de hidrofugo Siliconite de Pintuco o similar | D14: M2 | E14: 20.08 | F14: 16000 | G14: =F14*E14 -> 321280
A15: 3 | C15: CUBIERTA | G15: =SUM(G16:G16) -> 3584400
B16: 3.1 | C16: Mantenimiento general de cubierta, revisión de anclajes, sellos, flanches, etc | D16: M2 | E16: 123.6 | F16: 29000 | G16: =F16*E16 -> 3584400
A17: 4 | C17: TERMINADO Y LIMPIEZA | G17: =SUM(G18:G18) -> 100000
B18: 4.1 | C18: Aseo general y retiro de pintura. | D18: UND | E18: 1 | F18: 100000 | G18: =F18*E18 -> 100000
D19: TOTALES DIRECTOS | G19: =+G9+G17+G15 -> 5643467.5
D20: Administracion | F20: 0.08 | G20: =+$G$19*F20 -> 451477.4
D21: Imprevistos | F21: 0.05 | G21: =+$G$19*F21 -> 282173.38
D22: Utilidad | F22: 0.05 | G22: =+$G$19*F22 -> 282173.38
D23: IVA/U | F23: 0.19 | G23: =+G22*F23 -> 53612.941
D24: TOTAL INDIRECTOS | G24: =+G20+G21+G22+G23 -> 1069437.1
D25: TOTAL PROPUESTA | G25: =+G19+G24 -> 6712904.6

Sheet 4) HIMALAYA ESQ. TIPO 4
A1: COTIZACIÓN OBRA - LOS CEDROS (CASAS)
A2: DIRECCION: | C2: CALLE 3 NORTE # 18-49 LOCAL 2 | D2: CODIGO: FH-F-02 | E2: VERSIÓN: 01
A3: CORREO: | C3: Admin@fresh-house.co Rensomontoya@fresh-house.co | D3: FECHA: 01/07/2025
A4: TELEFONO: | C4: +57 310 461 7353 | D4: VALIDO HASTA: 01/10/2025
A5: CAPT | B5: ITEMS | C5: DESCRIPCION | D5: UNIDAD | E5: CANTIDAD | F5: VR UNITARIO | G5: VALOR DIRECTO ACTIVIDAD
A6: 1.0 | C6: PRELIMINARES | G6: =SUM(G7:G8) -> 0
B7: 1.1 | C7: Construcción de campamento provisional de obra y bodega para los trabajadores | deposito seguro de los materiales en obra | D7: UND | E7: 1 | F7: INCLUIDO
B8: 1.2 | C8: Instalación y demarcación de con avisos y señalética necesaria como: salidas vehiculares y peatonales | colocación de señales de precaución caída de objetos, transite con cuidado, instalación de conos y colombinas para demarcar senderos peatonales etc.… toda la implementación del sistema de gestión para la prevención de riesgos laborales | D8: GLB | E8: 1 | F8: INCLUIDO
A9: 2 | C9: FACHADAS Y COMPLEMENTARIOS | G9: =SUM(G10:G14) -> 4567365
B10: 2.1 | C10: Limpieza de fachadas y desprendimiento de material desprendido | D10: M2 | E10: 165.1 | F10: 4100 | G10: =F10*E10 -> 676910
B11: 2.2 | C11: Restauración y revoque de fachadas con graniplast antihongos o similar | D11: M2 | E11: 4.9 | F11: 42000 | G11: =F11*E11 -> 205800
B12: 2.3 | C12: Limpieza y sello con sellante tipo hibrido Multibond de la marca Soudal, alrededor de ventanas de fachada | D12: ML | E12: 52 | F12: 7200 | G12: =F12*E12 -> 374400
B13: 2.4 | C13: Pintura en fachadas exteriores (Koraza o similar). A dos manos respetando ficha tecnica de fabricante | D13: M2 | E13: 99.06 | F13: 22750 | G13: =F13*E13 -> 2253615
B14: 2.5 | C14: Limpieza de fachada en piedra. Incluye la aplicación de hidrofugo Siliconite de Pintuco o similar | D14: M2 | E14: 66.04 | F14: 16000 | G14: =F14*E14 -> 1056640
A15: 3 | C15: CUBIERTA | G15: =SUM(G16:G16) -> 4663200
B16: 3.1 | C16: Mantenimiento general de cubierta, revisión de anclajes, sellos, flanches, etc | D16: M2 | E16: 160.8 | F16: 29000 | G16: =F16*E16 -> 4663200
A17: 4 | C17: TERMINADO Y LIMPIEZA | G17: =SUM(G18:G18) -> 100000
B18: 4.1 | C18: Aseo general y retiro de pintura. | D18: UND | E18: 1 | F18: 100000 | G18: =F18*E18 -> 100000
D19: TOTALES DIRECTOS | G19: =+G9+G17+G15 -> 9330565
D20: Administracion | F20: 0.08 | G20: =+$G$19*F20 -> 746445.2
D21: Imprevistos | F21: 0.05 | G21: =+$G$19*F21 -> 466528.25
D22: Utilidad | F22: 0.05 | G22: =+$G$19*F22 -> 466528.25
D23: IVA/U | F23: 0.19 | G23: =+G22*F23 -> 88640.368
D24: TOTAL INDIRECTOS | G24: =+G20+G21+G22+G23 -> 1768142.1
D25: TOTAL PROPUESTA | G25: =+G19+G24 -> 11098707

Sheet 3) HIMALAYA ESQ. TIPO 3 (ESPE.)
A1: COTIZACIÓN OBRA - LOS CEDROS (CASAS)
A2: DIRECCION: | C2: CALLE 3 NORTE # 18-49 LOCAL 2 | D2: CODIGO: FH-F-02 | E2: VERSIÓN: 01
A3: CORREO: | C3: Admin@fresh-house.co Rensomontoya@fresh-house.co | D3: FECHA: 01/07/2025
A4: TELEFONO: | C4: +57 310 461 7353 | D4: VALIDO HASTA: 01/10/2025
A5: CAPT | B5: ITEMS | C5: DESCRIPCION | D5: UNIDAD | E5: CANTIDAD | F5: VR UNITARIO | G5: VALOR DIRECTO ACTIVIDAD
A6: 1.0 | C6: PRELIMINARES | G6: =SUM(G7:G8) -> 0
B7: 1.1 | C7: Construcción de campamento provisional de obra y bodega para los trabajadores | deposito seguro de los materiales en obra | D7: UND | E7: 1 | F7: INCLUIDO
B8: 1.2 | C8: Instalación y demarcación de con avisos y señalética necesaria como: salidas vehiculares y peatonales | colocación de señales de precaución caída de objetos, transite con cuidado, instalación de conos y colombinas para demarcar senderos peatonales etc.… toda la implementación del sistema de gestión para la prevención de riesgos laborales | D8: GLB | E8: 1 | F8: INCLUIDO
A9: 2 | C9: FACHADAS Y COMPLEMENTARIOS | G9: =SUM(G10:G14) -> 5775196.5
B10: 2.1 | C10: Limpieza de fachadas y desprendimiento de material desprendido | D10: M2 | E10: 203.39 | F10: 4100 | G10: =F10*E10 -> 833899
B11: 2.2 | C11: Restauración y revoque de fachadas con graniplast antihongos o similar | D11: M2 | E11: 7.7 | F11: 42000 | G11: =F11*E11 -> 323400
B12: 2.3 | C12: Limpieza y sello con sellante tipo hibrido Multibond de la marca Soudal, alrededor de ventanas de fachada | D12: ML | E12: 44 | F12: 7200 | G12: =F12*E12 -> 316800
B13: 2.4 | C13: Pintura en fachadas exteriores (Koraza o similar). A dos manos respetando ficha tecnica de fabricante | D13: M2 | E13: 155.09 | F13: 22750 | G13: =F13*E13 -> 3528297.5
B14: 2.5 | C14: Limpieza de fachada en piedra. Incluye la aplicación de hidrofugo Siliconite de Pintuco o similar | D14: M2 | E14: 48.3 | F14: 16000 | G14: =F14*E14 -> 772800
A15: 3 | C15: CUBIERTA | G15: =SUM(G16:G16) -> 4454400
B16: 3.1 | C16: Mantenimiento general de cubierta, revisión de anclajes, sellos, flanches, etc | D16: M2 | E16: 153.6 | F16: 29000 | G16: =F16*E16 -> 4454400
A17: 4 | C17: TERMINADO Y LIMPIEZA | G17: =SUM(G18:G18) -> 100000
B18: 4.1 | C18: Aseo general y retiro de pintura. | D18: UND | E18: 1 | F18: 100000 | G18: =F18*E18 -> 100000
D19: TOTALES DIRECTOS | G19: =+G9+G17+G15 -> 10329596
D20: Administracion | F20: 0.08 | G20: =+$G$19*F20 -> 826367.72
D21: Imprevistos | F21: 0.05 | G21: =+$G$19*F21 -> 516479.83
D22: Utilidad | F22: 0.05 | G22: =+$G$19*F22 -> 516479.83
D23: IVA/U | F23: 0.19 | G23: =+G22*F23 -> 98131.167
D24: TOTAL INDIRECTOS | G24: =+G20+G21+G22+G23 -> 1957458.5
D25: TOTAL PROPUESTA | G25: =+G19+G24 -> 12287055

Sheet 2) HIMALAYA ESQ. TIPO 2
A1: COTIZACIÓN OBRA - LOS CEDROS (CASAS)
A2: DIRECCION: | C2: CALLE 3 NORTE # 18-49 LOCAL 2 | D2: CODIGO: FH-F-02 | E2: VERSIÓN: 01
A3: CORREO: | C3: Admin@fresh-house.co Rensomontoya@fresh-house.co | D3: FECHA: 01/07/2025
A4: TELEFONO: | C4: +57 310 461 7353 | D4: VALIDO HASTA: 01/10/2025
A5: CAPT | B5: ITEMS | C5: DESCRIPCION | D5: UNIDAD | E5: CANTIDAD | F5: VR UNITARIO | G5: VALOR DIRECTO ACTIVIDAD
A6: 1.0 | C6: PRELIMINARES | G6: =SUM(G7:G8) -> 0
B7: 1.1 | C7: Construcción de campamento provisional de obra y bodega para los trabajadores | deposito seguro de los materiales en obra | D7: UND | E7: 1 | F7: INCLUIDO
B8: 1.2 | C8: Instalación y demarcación de con avisos y señalética necesaria como: salidas vehiculares y peatonales | colocación de señales de precaución caída de objetos, transite con cuidado, instalación de conos y colombinas para demarcar senderos peatonales etc.… toda la implementación del sistema de gestión para la prevención de riesgos laborales | D8: GLB | E8: 1 | F8: INCLUIDO
A9: 2 | C9: FACHADAS Y COMPLEMENTARIOS | G9: =SUM(G10:G14) -> 4194825
B10: 2.1 | C10: Limpieza de fachadas y desprendimiento de material desprendido | D10: M2 | E10: 149.5 | F10: 4100 | G10: =F10*E10 -> 612950
B11: 2.2 | C11: Restauración y revoque de fachadas con graniplast antihongos o similar | D11: M2 | E11: 5 | F11: 42000 | G11: =F11*E11 -> 210000
B12: 2.3 | C12: Limpieza y sello con sellante tipo hibrido Multibond de la marca Soudal, alrededor de ventanas de fachada | D12: ML | E12: 52 | F12: 7200 | G12: =F12*E12 -> 374400
B13: 2.4 | C13: Pintura en fachadas exteriores (Koraza o similar). A dos manos respetando ficha tecnica de fabricante | D13: M2 | E13: 89.7 | F13: 22750 | G13: =F13*E13 -> 2040675
B14: 2.5 | C14: Limpieza de fachada en piedra. Incluye la aplicación de hidrofugo Siliconite de Pintuco o similar | D14: M2 | E14: 59.8 | F14: 16000 | G14: =F14*E14 -> 956800
A15: 3 | C15: CUBIERTA | G15: =SUM(G16:G16) -> 3828000
B16: 3.1 | C16: Mantenimiento general de cubierta, revisión de anclajes, sellos, flanches, etc | D16: M2 | E16: 132 | F16: 29000 | G16: =F16*E16 -> 3828000
A17: 4 | C17: TERMINADO Y LIMPIEZA | G17: =SUM(G18:G18) -> 100000
B18: 4.1 | C18: Aseo general y retiro de pintura. | D18: UND | E18: 1 | F18: 100000 | G18: =F18*E18 -> 100000
D19: TOTALES DIRECTOS | G19: =+G9+G17+G15 -> 8122825
D20: Administracion | F20: 0.08 | G20: =+$G$19*F20 -> 649826
D21: Imprevistos | F21: 0.05 | G21: =+$G$19*F21 -> 406141.25
D22: Utilidad | F22: 0.05 | G22: =+$G$19*F22 -> 406141.25
D23: IVA/U | F23: 0.19 | G23: =+G22*F23 -> 77166.837
D24: TOTAL INDIRECTOS | G24: =+G20+G21+G22+G23 -> 1539275.3
D25: TOTAL PROPUESTA | G25: =+G19+G24 -> 9662100.3

Sheet 1) HIMALAYA ESQ. TIPO 1
A1: COTIZACIÓN OBRA - LOS CEDROS (CASAS)
A2: DIRECCION: | C2: CALLE 3 NORTE # 18-49 LOCAL 2 | D2: CODIGO: FH-F-02 | E2: VERSIÓN: 01
A3: CORREO: | C3: Admin@fresh-house.co Rensomontoya@fresh-house.co | D3: FECHA: 01/07/2025
A4: TELEFONO: | C4: +57 310 461 7353 | D4: VALIDO HASTA: 01/10/2025
A5: CAPT | B5: ITEMS | C5: DESCRIPCION | D5: UNIDAD | E5: CANTIDAD | F5: VR UNITARIO | G5: VALOR DIRECTO ACTIVIDAD
A6: 1.0 | C6: PRELIMINARES | G6: =SUM(G7:G8) -> 0
B7: 1.1 | C7: Construcción de campamento provisional de obra y bodega para los trabajadores | deposito seguro de los materiales en obra | D7: UND | E7: 1 | F7: INCLUIDO
B8: 1.2 | C8: Instalación y demarcación de con avisos y señalética necesaria como: salidas vehiculares y peatonales | colocación de señales de precaución caída de objetos, transite con cuidado, instalación de conos y colombinas para demarcar senderos peatonales etc.… toda la implementación del sistema de gestión para la prevención de riesgos laborales | D8: GLB | E8: 1 | F8: INCLUIDO
A9: 2 | C9: FACHADAS Y COMPLEMENTARIOS | G9: =SUM(G10:G14) -> 4194825
B10: 2.1 | C10: Limpieza de fachadas y desprendimiento de material desprendido | D10: M2 | E10: 149.5 | F10: 4100 | G10: =F10*E10 -> 612950
B11: 2.2 | C11: Restauración y revoque de fachadas con graniplast antihongos o similar | D11: M2 | E11: 5 | F11: 42000 | G11: =F11*E11 -> 210000
B12: 2.3 | C12: Limpieza y sello con sellante tipo hibrido Multibond de la marca Soudal, alrededor de ventanas de fachada | D12: ML | E12: 52 | F12: 7200 | G12: =F12*E12 -> 374400
B13: 2.4 | C13: Pintura en fachadas exteriores (Koraza o similar). A dos manos respetando ficha tecnica de fabricante | D13: M2 | E13: 89.7 | F13: 22750 | G13: =F13*E13 -> 2040675
B14: 2.5 | C14: Limpieza de fachada en piedra. Incluye la aplicación de hidrofugo Siliconite de Pintuco o similar | D14: M2 | E14: 59.8 | F14: 16000 | G14: =F14*E14 -> 956800
A15: 3 | C15: CUBIERTA | G15: =SUM(G16:G16) -> 3828000
B16: 3.1 | C16: Mantenimiento general de cubierta, revisión de anclajes, sellos, flanches, etc | D16: M2 | E16: 132 | F16: 29000 | G16: =F16*E16 -> 3828000
A17: 4 | C17: TERMINADO Y LIMPIEZA | G17: =SUM(G18:G18) -> 100000
B18: 4.1 | C18: Aseo general y retiro de pintura. | D18: UND | E18: 1 | F18: 100000 | G18: =F18*E18 -> 100000
D19: TOTALES DIRECTOS | G19: =+G9+G17+G15 -> 8122825
D20: Administracion | F20: 0.08 | G20: =+$G$19*F20 -> 649826
D21: Imprevistos | F21: 0.05 | G21: =+$G$19*F21 -> 406141.25
D22: Utilidad | F22: 0.05 | G22: =+$G$19*F22 -> 406141.25
D23: IVA/U | F23: 0.19 | G23: =+G22*F23 -> 77166.837
D24: TOTAL INDIRECTOS | G24: =+G20+G21+G22+G23 -> 1539275.3
D25: TOTAL PROPUESTA | G25: =+G19+G24 -> 9662100.3

Sheet LISTADO DE CASAS
B1: TIPO DE CASA | C1: CANTIDAD | D1: VALOR UNITARIO | E1: TOTAL
A2: 1 | B2: HIMALAYA ESQ. TIPO 1 | C2: 2 | D2: ='1) HIMALAYA ESQ. TIPO 1'!G25 -> 9662100.3 | E2: =D2*C2 -> 19324201
A3: 2 | B3: HIMALAYA ESQ. TIPO 2 | C3: 7 | D3: ='2) HIMALAYA ESQ. TIPO 2'!G25 -> 9662100.3 | E3: =D3*C3 -> 67634702
A4: 3 | B4: HIMALAYA ESQ. TIPO 3 ESP | C4: 1 | D4: ='3) HIMALAYA ESQ. TIPO 3 (ESPE.)'!G25 -> 12287055 | E4: =D4*C4 -> 12287055
A5: 4 | B5: HIMALAYA ESQ. TIPO 4 | C5: 1 | D5: ='4) HIMALAYA ESQ. TIPO 4'!G25 -> 11098707 | E5: =D5*C5 -> 11098707
A6: 5 | B6: HIMALAYA MED. TIPO 1 | C6: 6 | D6: ='5) HIMALAYA MED. TIPO 1'!G25 -> 6712904.6 | E6: =D6*C6 -> 40277428
A7: 6 | B7: HIMALAYA MED. TIPO 2 | C7: 4 | D7: ='6) HIMALAYA MED. TIPO 2'!G25 -> 6834081.9 | E7: =D7*C7 -> 27336328
A8: 7 | B8: ATLAS ESQ. TIPO 1 | C8: 2 | D8: ='7) ATLAS ESQ. TIPO 1'!G25 -> 9806999.3 | E8: =D8*C8 -> 19613999
A9: 8 | B9: ATLAS ESQ. TIPO 2 | C9: 1 | D9: ='8) ATLAS ESQ. TIPO 2'!G25 -> 9806999.3 | E9: =D9*C9 -> 9806999.3
A10: 9 | B10: ATLAS MED. TIPO 1 | C10: 7 | D10: ='9) ATLAS MED. TIPO 1'!G25 -> 4324570 | E10: =D10*C10 -> 30271990
A11: 10 | B11: CHIPRE ESQ. TIPO 1 | C11: 4 | D11: ='10) CHIPRE ESQ. TIPO 1'!G25 -> 5874054.3 | E11: =D11*C11 -> 23496217
A12: 11 | B12: CHIPRE MED. TIPO 1 | C12: 29 | D12: ='11) CHIPRE MED. TIPO 1'!G25 -> 4201837.4 | E12: =D12*C12 -> 1.2185328e+08
A13: 12 | B13: HIMALAYA CAMPESTRE | C13: 2 | D13: ='12) HIMALAYA CAMPESTRE'!G25 -> 10851927 | E13: =D13*C13 -> 21703855
A14: 13 | B14: LIBANO 1 PISO ESQ. | C14: 2 | D14: ='13) LIBANO 1 PISO ESQ.'!G25 -> 7355080 | E14: =D14*C14 -> 14710160
A15: 14 | B15: LIBANO 1 PISO MED. | C15: 9 | D15: ='14) LIBANO 1 PISO MED.'!G25 -> 6111523.1 | E15: =D15*C15 -> 55003708
A16: 15 | B16: LIBANO 2 PISOS MED. | C16: 5 | D16: ='15) LIBANO 2 PISOS MED.'!G25 -> 8099553.8 | E16: =D16*C16 -> 40497769
A17: 16 | B17: LIBANO ESQ. | C17: 2 | D17: ='16) LIBANO ESQ.'!G25 -> 11179493 | E17: =D17*C17 -> 22358987
C18: =SUM(C2:C17) -> 84 | E18: =SUM(E2:E17) -> 5.3727539e+08
B20: PROMEDIO POR CASA | E20: =E18/C18 -> 6396135.6
